Workbook

Sheet Skill_DataTable
A1: RowName | B1: SkillID | C1: DisplayName_KR | D1: OwnerClass | E1: SkillCategory | F1: SkillType | G1: SkillTier | H1: ActionKind | I1: TargetType | J1: EnergyCost | K1: SkillEnergyCost | L1: BaseValue | M1: ScalingStat | N1: ScalingRatio | O1: HitCount | P1: SecondaryValue | Q1: StatusEffect | R1: StatusValue | S1: StatusDuration | T1: SelfDamage | U1: IconID | V1: AnimMontageTag | W1: VFXTag | X1: SFXTag | Y1: Description_KR | Z1: Notes | AA1: BuyPrice_Dungeon | AB1: SellPrice_Dungeon
A2: fighter_attack | B2: SK_FTR_001 | C2: 공격 태세 | D2: Fighter | E2: Basic | F2: Attack | G2: Surface | H2: HitEnemyMulti | I2: SingleEnemy | J2: 1 | K2: 0 | L2: 3 | M2: ATK | N2: 1 | O2: 2 | P2: 0 | Q2: None | R2: 0 | S2: 0 | T2: 0 | Y2: 기본 공격 자세를 취해 적 1명에게 (3+공격)의 피해를 2회 입힌다. | AA2: =IF(OR(D2="Monster", E2="Basic"), 0, ROUND((MIN(IFERROR(VLOOKUP(G2, Relic_Price_Config!$A$5:$E$9, 4, FALSE), 350), MAX(IFERROR(VLOOKUP(G2, Relic_Price_Config!$A$5:$E$9, 3, FALSE), 210), ROUND((IFERROR(VLOOKUP(H2, Relic_Price_Config!$G$5:$N$100, 4, FALSE), 280) + N(L2) * IF(N(O2)>1, N(O2), 1) * IFERROR(VLOOKUP(H2, Relic_Price_Config!$G$5:$N$100, 5, FALSE), 10) + ABS(N(R2)) * IFERROR(VLOOKUP(H2, Relic_Price_Config!$G$5:$N$100, 6, FALSE), 15) + IF(N(S2)>1, (N(S2)-1)*10, 0)) * IFERROR(VLOOKUP(G2, Relic_Price_Config!$A$5:$E$9, 2, FALSE), 1), 0))) * 0.1) / 5, 0) * 5) -> 0 | AB2: =IF(AA2<=0, 0, ROUND((AA2*0.7)/5, 0)*5) -> 0
A3: fighter_defend | B3: SK_FTR_002 | C3: 방어 태세 | D3: Fighter | E3: Basic | F3: Defense | G3: Surface | H3: ShieldSelf | I3: Self | J3: 1 | K3: 0 | L3: 6 | M3: DEF | N3: 1 | O3: 1 | P3: 0 | Q3: None | R3: 0 | S3: 0 | T3: 0 | Y3: 방어 자세를 굳혀 자신에게 (6+방어)의 보호막을 생성한다. | AA3: =IF(OR(D3="Monster", E3="Basic"), 0, ROUND((MIN(IFERROR(VLOOKUP(G3, Relic_Price_Config!$A$5:$E$9, 4, FALSE), 350), MAX(IFERROR(VLOOKUP(G3, Relic_Price_Config!$A$5:$E$9, 3, FALSE), 210), ROUND((IFERROR(VLOOKUP(H3, Relic_Price_Config!$G$5:$N$100, 4, FALSE), 280) + N(L3) * IF(N(O3)>1, N(O3), 1) * IFERROR(VLOOKUP(H3, Relic_Price_Config!$G$5:$N$100, 5, FALSE), 10) + ABS(N(R3)) * IFERROR(VLOOKUP(H3, Relic_Price_Config!$G$5:$N$100, 6, FALSE), 15) + IF(N(S3)>1, (N(S3)-1)*10, 0)) * IFERROR(VLOOKUP(G3, Relic_Price_Config!$A$5:$E$9, 2, FALSE), 1), 0))) * 0.1) / 5, 0) * 5) -> 0 | AB3: =IF(AA3<=0, 0, ROUND((AA3*0.7)/5, 0)*5) -> 0
A4: fighter_special | B4: SK_FTR_003 | C4: 반격 태세 | D4: Fighter | E4: Basic | F4: Special | G4: Surface | H4: ShieldSelfCounter | I4: Self | J4: 1 | K4: 0 | L4: 3 | M4: DEF | N4: 1 | O4: 1 | P4: 2 | Q4: Counter | R4: 1 | S4: 1 | T4: 0 | Y4: 반격 자세를 취해 자신에게 (3+방어)의 보호막을 생성하고, 1사이클 동안 (2+방어)의 피해를 돌려주는 반격을 부여한다. | Z4: StatusValue=1(반격 스택), StatusDuration=1사이클 SecondaryValue = (반격 기본 데미지) | AA4: =IF(OR(D4="Monster", E4="Basic"), 0, ROUND((MIN(IFERROR(VLOOKUP(G4, Relic_Price_Config!$A$5:$E$9, 4, FALSE), 350), MAX(IFERROR(VLOOKUP(G4, Relic_Price_Config!$A$5:$E$9, 3, FALSE), 210), ROUND((IFERROR(VLOOKUP(H4, Relic_Price_Config!$G$5:$N$100, 4, FALSE), 280) + N(L4) * IF(N(O4)>1, N(O4), 1) * IFERROR(VLOOKUP(H4, Relic_Price_Config!$G$5:$N$100, 5, FALSE), 10) + ABS(N(R4)) * IFERROR(VLOOKUP(H4, Relic_Price_Config!$G$5:$N$100, 6, FALSE), 15) + IF(N(S4)>1, (N(S4)-1)*10, 0)) * IFERROR(VLOOKUP(G4, Relic_Price_Config!$A$5:$E$9, 2, FALSE), 1), 0))) * 0.1) / 5, 0) * 5) -> 0 | AB4: =IF(AA4<=0, 0, ROUND((AA4*0.7)/5, 0)*5) -> 0
A5: engineer_attack | B5: SK_ENG_001 | C5: 마도 캐논 발사 | D5: Engineer | E5: Basic | F5: Attack | G5: Surface | H5: HitEnemySingleAoe | I5: SingleEnemy | J5: 1 | K5: 0 | L5: 5 | M5: ATK | N5: 1 | O5: 1 | P5: 2 | Q5: None | R5: 0 | S5: 0 | T5: 0 | Y5: 마도 캐논을 발사하여 적 1명에게 (5+공격)의 피해를 입히고, 적 전체에게 추가로 (2+공격)의 폭발 피해를 입힌다. | Z5: SecondaryValue=광역 피해 계수(2) | AA5: =IF(OR(D5="Monster", E5="Basic"), 0, ROUND((MIN(IFERROR(VLOOKUP(G5, Relic_Price_Config!$A$5:$E$9, 4, FALSE), 350), MAX(IFERROR(VLOOKUP(G5, Relic_Price_Config!$A$5:$E$9, 3, FALSE), 210), ROUND((IFERROR(VLOOKUP(H5, Relic_Price_Config!$G$5:$N$100, 4, FALSE), 280) + N(L5) * IF(N(O5)>1, N(O5), 1) * IFERROR(VLOOKUP(H5, Relic_Price_Config!$G$5:$N$100, 5, FALSE), 10) + ABS(N(R5)) * IFERROR(VLOOKUP(H5, Relic_Price_Config!$G$5:$N$100, 6, FALSE), 15) + IF(N(S5)>1, (N(S5)-1)*10, 0)) * IFERROR(VLOOKUP(G5, Relic_Price_Config!$A$5:$E$9, 2, FALSE), 1), 0))) * 0.1) / 5, 0) * 5) -> 0 | AB5: =IF(AA5<=0, 0, ROUND((AA5*0.7)/5, 0)*5) -> 0
A6: engineer_defend | B6: SK_ENG_002 | C6: 에너지 쉴드 | D6: Engineer | E6: Basic | F6: Defense | G6: Surface | H6: ShieldSelf | I6: Self | J6: 1 | K6: 0 | L6: 5 | M6: DEF | N6: 1 | O6: 1 | P6: 0 | Q6: None | R6: 0 | S6: 0 | T6: 0 | Y6: 마력 보호막을 전개하여 자신에게 (5+방어)의 보호막을 생성한다. | AA6: =IF(OR(D6="Monster", E6="Basic"), 0, ROUND((MIN(IFERROR(VLOOKUP(G6, Relic_Price_Config!$A$5:$E$9, 4, FALSE), 350), MAX(IFERROR(VLOOKUP(G6, Relic_Price_Config!$A$5:$E$9, 3, FALSE), 210), ROUND((IFERROR(VLOOKUP(H6, Relic_Price_Config!$G$5:$N$100, 4, FALSE), 280) + N(L6) * IF(N(O6)>1, N(O6), 1) * IFERROR(VLOOKUP(H6, Relic_Price_Config!$G$5:$N$100, 5, FALSE), 10) + ABS(N(R6)) * IFERROR(VLOOKUP(H6, Relic_Price_Config!$G$5:$N$100, 6, FALSE), 15) + IF(N(S6)>1, (N(S6)-1)*10, 0)) * IFERROR(VLOOKUP(G6, Relic_Price_Config!$A$5:$E$9, 2, FALSE), 1), 0))) * 0.1) / 5, 0) * 5) -> 0 | AB6: =IF(AA6<=0, 0, ROUND((AA6*0.7)/5, 0)*5) -> 0
A7: engineer_special | B7: SK_ENG_003 | C7: 과부화 | D7: Engineer | E7: Basic | F7: Special | G7: Surface | H7: BraveSelf | I7: Self | J7: 1 | K7: 0 | L7: 0 | N7: 0 | O7: 0 | P7: 0 | Q7: Brave | R7: 1 | S7: 1 | T7: 0 | Y7: 마도 엔진의 출력을 높여 1사이클 동안 자신의 공격을 1 증가시킨다. | AA7: =IF(OR(D7="Monster", E7="Basic"), 0, ROUND((MIN(IFERROR(VLOOKUP(G7, Relic_Price_Config!$A$5:$E$9, 4, FALSE), 350), MAX(IFERROR(VLOOKUP(G7, Relic_Price_Config!$A$5:$E$9, 3, FALSE), 210), ROUND((IFERROR(VLOOKUP(H7, Relic_Price_Config!$G$5:$N$100, 4, FALSE), 280) + N(L7) * IF(N(O7)>1, N(O7), 1) * IFERROR(VLOOKUP(H7, Relic_Price_Config!$G$5:$N$100, 5, FALSE), 10) + ABS(N(R7)) * IFERROR(VLOOKUP(H7, Relic_Price_Config!$G$5:$N$100, 6, FALSE), 15) + IF(N(S7)>1, (N(S7)-1)*10, 0)) * IFERROR(VLOOKUP(G7, Relic_Price_Config!$A$5:$E$9, 2, FALSE), 1), 0))) * 0.1) / 5, 0) * 5) -> 0 | AB7: =IF(AA7<=0, 0, ROUND((AA7*0.7)/5, 0)*5) -> 0
A8: paladin_attack | B8: SK_PAL_001 | C8: 기본 검술 | D8: Paladin | E8: Basic | F8: Attack | G8: Surface | H8: HitEnemy | I8: SingleEnemy | J8: 1 | K8: 0 | L8: 5 | M8: ATK | N8: 1 | O8: 1 | P8: 0 | Q8: None | R8: 0 | S8: 0 | T8: 0 | Y8: 정석적인 검술로 적 1명을 베어 (5+공격)의 피해를 입힌다. | AA8: =IF(OR(D8="Monster", E8="Basic"), 0, ROUND((MIN(IFERROR(VLOOKUP(G8, Relic_Price_Config!$A$5:$E$9, 4, FALSE), 350), MAX(IFERROR(VLOOKUP(G8, Relic_Price_Config!$A$5:$E$9, 3, FALSE), 210), ROUND((IFERROR(VLOOKUP(H8, Relic_Price_Config!$G$5:$N$100, 4, FALSE), 280) + N(L8) * IF(N(O8)>1, N(O8), 1) * IFERROR(VLOOKUP(H8, Relic_Price_Config!$G$5:$N$100, 5, FALSE), 10) + ABS(N(R8)) * IFERROR(VLOOKUP(H8, Relic_Price_Config!$G$5:$N$100, 6, FALSE), 15) + IF(N(S8)>1, (N(S8)-1)*10, 0)) * IFERROR(VLOOKUP(G8, Relic_Price_Config!$A$5:$E$9, 2, FALSE), 1), 0))) * 0.1) / 5, 0) * 5) -> 0 | AB8: =IF(AA8<=0, 0, ROUND((AA8*0.7)/5, 0)*5) -> 0
A9: paladin_defend | B9: SK_PAL_002 | C9: 기본 방패술 | D9: Paladin | E9: Basic | F9: Defense | G9: Surface | H9: ShieldSelf | I9: Self | J9: 1 | K9: 0 | L9: 6 | M9: DEF | N9: 1 | O9: 1 | P9: 0 | Q9: None | R9: 0 | S9: 0 | T9: 0 | Y9: 방패를 앞세워 자신에게 (6+방어)의 보호막을 생성한다. | AA9: =IF(OR(D9="Monster", E9="Basic"), 0, ROUND((MIN(IFERROR(VLOOKUP(G9, Relic_Price_Config!$A$5:$E$9, 4, FALSE), 350), MAX(IFERROR(VLOOKUP(G9, Relic_Price_Config!$A$5:$E$9, 3, FALSE), 210), ROUND((IFERROR(VLOOKUP(H9, Relic_Price_Config!$G$5:$N$100, 4, FALSE), 280) + N(L9) * IF(N(O9)>1, N(O9), 1) * IFERROR(VLOOKUP(H9, Relic_Price_Config!$G$5:$N$100, 5, FALSE), 10) + ABS(N(R9)) * IFERROR(VLOOKUP(H9, Relic_Price_Config!$G$5:$N$100, 6, FALSE), 15) + IF(N(S9)>1, (N(S9)-1)*10, 0)) * IFERROR(VLOOKUP(G9, Relic_Price_Config!$A$5:$E$9, 2, FALSE), 1), 0))) * 0.1) / 5, 0) * 5) -> 0 | AB9: =IF(AA9<=0, 0, ROUND((AA9*0.7)/5, 0)*5) -> 0
A10: paladin_special | B10: SK_PAL_003 | C10: 회복 | D10: Paladin | E10: Basic | F10: Special | G10: Surface | H10: HealAlly | I10: SingleAlly | J10: 1 | K10: 0 | L10: 3 | M10: DEF | N10: 1 | O10: 1 | P10: 0 | Q10: None | R10: 0 | S10: 0 | T10: 0 | Y10: 신성력을 불어넣어 아군 1명의 체력을 (3+방어)만큼 회복한다. | AA10: =IF(OR(D10="Monster", E10="Basic"), 0, ROUND((MIN(IFERROR(VLOOKUP(G10, Relic_Price_Config!$A$5:$E$9, 4, FALSE), 350), MAX(IFERROR(VLOOKUP(G10, Relic_Price_Config!$A$5:$E$9, 3, FALSE), 210), ROUND((IFERROR(VLOOKUP(H10, Relic_Price_Config!$G$5:$N$100, 4, FALSE), 280) + N(L10) * IF(N(O10)>1, N(O10), 1) * IFERROR(VLOOKUP(H10, Relic_Price_Config!$G$5:$N$100, 5, FALSE), 10) + ABS(N(R10)) * IFERROR(VLOOKUP(H10, Relic_Price_Config!$G$5:$N$100, 6, FALSE), 15) + IF(N(S10)>1, (N(S10)-1)*10, 0)) * IFERROR(VLOOKUP(G10, Relic_Price_Config!$A$5:$E$9, 2, FALSE), 1), 0))) * 0.1) / 5, 0) * 5) -> 0 | AB10: =IF(AA10<=0, 0, ROUND((AA10*0.7)/5, 0)*5) -> 0
A11: assassin_attack | B11: SK_ASN_001 | C11: 사혈투 | D11: Assassin | E11: Basic | F11: Attack | G11: Surface | H11: HitEnemyMark | I11: SingleEnemy | J11: 1 | K11: 0 | L11: 5 | M11: ATK | N11: 1 | O11: 1 | P11: 0 | Q11: Mark | R11: 1 | S11: 1 | T11: 0 | Y11: 적 1명의 사혈을 찔러 (5+공격)의 피해를 입히고, 1사이클 동안 급소를 부여한다. | Z11: 기본 공격 무공 (사혈 찌르기) / StatusValue=1(급소 지정 스택), StatusDuration=1사이클 | AA11: =IF(OR(D11="Monster", E11="Basic"), 0, ROUND((MIN(IFERROR(VLOOKUP(G11, Relic_Price_Config!$A$5:$E$9, 4, FALSE), 350), MAX(IFERROR(VLOOKUP(G11, Relic_Price_Config!$A$5:$E$9, 3, FALSE), 210), ROUND((IFERROR(VLOOKUP(H11, Relic_Price_Config!$G$5:$N$100, 4, FALSE), 280) + N(L11) * IF(N(O11)>1, N(O11), 1) * IFERROR(VLOOKUP(H11, Relic_Price_Config!$G$5:$N$100, 5, FALSE), 10) + ABS(N(R11)) * IFERROR(VLOOKUP(H11, Relic_Price_Config!$G$5:$N$100, 6, FALSE), 15) + IF(N(S11)>1, (N(S11)-1)*10, 0)) * IFERROR(VLOOKUP(G11, Relic_Price_Config!$A$5:$E$9, 2, FALSE), 1), 0))) * 0.1) / 5, 0) * 5) -> 0 | AB11: =IF(AA11<=0, 0, ROUND((AA11*0.7)/5, 0)*5) -> 0
A12: assassin_defend | B12: SK_ASN_002 | C12: 은형보 | D12: Assassin | E12: Basic | F12: Defense | G12: Surface | H12: EvasionSelf | I12: Self | J12: 1 | K12: 0 | L12: 0 | M12: DEF | N12: 1 | O12: 3 | P12: 0 | Q12: Evasion | R12: 1 | S12: 3 | T12: 0 | Y12: 그림자 속에 자취를 감춰 3사이클 동안 자신의 회피를 (1+방어)만큼 증가시킨다. | Z12: 기본 방어 신법 (은형술) / StatusDuration=3사이클 | AA12: =IF(OR(D12="Monster", E12="Basic"), 0, ROUND((MIN(IFERROR(VLOOKUP(G12, Relic_Price_Config!$A$5:$E$9, 4, FALSE), 350), MAX(IFERROR(VLOOKUP(G12, Relic_Price_Config!$A$5:$E$9, 3, FALSE), 210), ROUND((IFERROR(VLOOKUP(H12, Relic_Price_Config!$G$5:$N$100, 4, FALSE), 280) + N(L12) * IF(N(O12)>1, N(O12), 1) * IFERROR(VLOOKUP(H12, Relic_Price_Config!$G$5:$N$100, 5, FALSE), 10) + ABS(N(R12)) * IFERROR(VLOOKUP(H12, Relic_Price_Config!$G$5:$N$100, 6, FALSE), 15) + IF(N(S12)>1, (N(S12)-1)*10, 0)) * IFERROR(VLOOKUP(G12, Relic_Price_Config!$A$5:$E$9, 2, FALSE), 1), 0))) * 0.1) / 5, 0) * 5) -> 0 | AB12: =IF(AA12<=0, 0, ROUND((AA12*0.7)/5, 0)*5) -> 0
A13: assassin_special | B13: SK_ASN_003 | C13: 독무탄 | D13: Assassin | E13: Basic | F13: Special | G13: Surface | H13: ShieldSelfPoisonAll | I13: AllEnemies | J13: 1 | K13: 0 | L13: 2 | M13: DEF | N13: 1 | O13: 1 | P13: 0 | Q13: Poison | R13: 2 | S13: 2 | T13: 0 | Y13: 독연막탄을 터뜨려 자신에게 (2+방어)의 보호막을 생성하고, 적 전체에게 2사이클 동안 2의 피해를 입히는 중독을 부여한다. | Z13: 기본 특수 암기 (독연막 살포) / StatusValue=2(중독 스택), StatusDuration=2사이클 | AA13: =IF(OR(D13="Monster", E13="Basic"), 0, ROUND((MIN(IFERROR(VLOOKUP(G13, Relic_Price_Config!$A$5:$E$9, 4, FALSE), 350), MAX(IFERROR(VLOOKUP(G13, Relic_Price_Config!$A$5:$E$9, 3, FALSE), 210), ROUND((IFERROR(VLOOKUP(H13, Relic_Price_Config!$G$5:$N$100, 4, FALSE), 280) + N(L13) * IF(N(O13)>1, N(O13), 1) * IFERROR(VLOOKUP(H13, Relic_Price_Config!$G$5:$N$100, 5, FALSE), 10) + ABS(N(R13)) * IFERROR(VLOOKUP(H13, Relic_Price_Config!$G$5:$N$100, 6, FALSE), 15) + IF(N(S13)>1, (N(S13)-1)*10, 0)) * IFERROR(VLOOKUP(G13, Relic_Price_Config!$A$5:$E$9, 2, FALSE), 1), 0))) * 0.1) / 5, 0) * 5) -> 0 | AB13: =IF(AA13<=0, 0, ROUND((AA13*0.7)/5, 0)*5) -> 0
A14: gale_breathing | B14: SK_CMN_001 | C14: 질풍 호흡 | D14: Fighter | E14: Personal | F14: Special | G14: Surface | H14: BraveSelf | I14: Self | J14: 0 | K14: 1 | L14: 0 | N14: 0 | O14: 1 | P14: 0 | Q14: Brave | R14: 1 | S14: 2 | T14: 0 | Y14: 바람처럼 호흡을 가다듬어 2사이클 동안 자신의 공격을 1 증가시킨다. | Z14: 몬스터 방 처치 보상 풀 (표층 - 질풍신각) | AA14: =IF(OR(D14="Monster", E14="Basic"), 0, ROUND((MIN(IFERROR(VLOOKUP(G14, Relic_Price_Config!$A$5:$E$9, 4, FALSE), 350), MAX(IFERROR(VLOOKUP(G14, Relic_Price_Config!$A$5:$E$9, 3, FALSE), 210), ROUND((IFERROR(VLOOKUP(H14, Relic_Price_Config!$G$5:$N$100, 4, FALSE), 280) + N(L14) * IF(N(O14)>1, N(O14), 1) * IFERROR(VLOOKUP(H14, Relic_Price_Config!$G$5:$N$100, 5, FALSE), 10) + ABS(N(R14)) * IFERROR(VLOOKUP(H14, Relic_Price_Config!$G$5:$N$100, 6, FALSE), 15) + IF(N(S14)>1, (N(S14)-1)*10, 0)) * IFERROR(VLOOKUP(G14, Relic_Price_Config!$A$5:$E$9, 2, FALSE), 1), 0))) * 0.1) / 5, 0) * 5) -> 30 | AB14: =IF(AA14<=0, 0, ROUND((AA14*0.7)/5, 0)*5) -> 20
A15: gale_step | B15: SK_CMN_002 | C15: 질풍보 | D15: Fighter | E15: Personal | F15: Special | G15: Surface | H15: EvasionSelf | I15: Self | J15: 0 | K15: 1 | L15: 0 | N15: 0 | O15: 1 | P15: 0 | Q15: Evasion | R15: 1 | S15: 1 | T15: 0 | Y15: 바람을 타는 보법으로 1사이클 동안 자신의 회피를 1 증가시킨다. | Z15: 몬스터 방 처치 보상 풀 (표층 - 질풍신각) | AA15: =IF(OR(D15="Monster", E15="Basic"), 0, ROUND((MIN(IFERROR(VLOOKUP(G15, Relic_Price_Config!$A$5:$E$9, 4, FALSE), 350), MAX(IFERROR(VLOOKUP(G15, Relic_Price_Config!$A$5:$E$9, 3, FALSE), 210), ROUND((IFERROR(VLOOKUP(H15, Relic_Price_Config!$G$5:$N$100, 4, FALSE), 280) + N(L15) * IF(N(O15)>1, N(O15), 1) * IFERROR(VLOOKUP(H15, Relic_Price_Config!$G$5:$N$100, 5, FALSE), 10) + ABS(N(R15)) * IFERROR(VLOOKUP(H15, Relic_Price_Config!$G$5:$N$100, 6, FALSE), 15) + IF(N(S15)>1, (N(S15)-1)*10, 0)) * IFERROR(VLOOKUP(G15, Relic_Price_Config!$A$5:$E$9, 2, FALSE), 1), 0))) * 0.1) / 5, 0) * 5) -> 30 | AB15: =IF(AA15<=0, 0, ROUND((AA15*0.7)/5, 0)*5) -> 20
A16: gale_triple_kick | B16: SK_CMN_003 | C16: 질풍삼연각 | D16: Fighter | E16: Personal | F16: Attack | G16: Surface | H16: HitEnemyMulti | I16: SingleEnemy | J16: 0 | K16: 1 | L16: 3 | M16: ATK | N16: 1 | O16: 3 | P16: 0 | R16: 0 | S16: 0 | T16: 0 | Y16: 질풍 같은 연속 발차기로 적 1명에게 (3+공격)의 피해를 3회 입힌다. | Z16: 몬스터 방 처치 보상 풀 (표층 - 질풍신각) | AA16: =IF(OR(D16="Monster", E16="Basic"), 0, ROUND((MIN(IFERROR(VLOOKUP(G16, Relic_Price_Config!$A$5:$E$9, 4, FALSE), 350), MAX(IFERROR(VLOOKUP(G16, Relic_Price_Config!$A$5:$E$9, 3, FALSE), 210), ROUND((IFERROR(VLOOKUP(H16, Relic_Price_Config!$G$5:$N$100, 4, FALSE), 280) + N(L16) * IF(N(O16)>1, N(O16), 1) * IFERROR(VLOOKUP(H16, Relic_Price_Config!$G$5:$N$100, 5, FALSE), 10) + ABS(N(R16)) * IFERROR(VLOOKUP(H16, Relic_Price_Config!$G$5:$N$100, 6, FALSE), 15) + IF(N(S16)>1, (N(S16)-1)*10, 0)) * IFERROR(VLOOKUP(G16, Relic_Price_Config!$A$5:$E$9, 2, FALSE), 1), 0))) * 0.1) / 5, 0) * 5) -> 30 | AB16: =IF(AA16<=0, 0, ROUND((AA16*0.7)/5, 0)*5) -> 20
A17: armor_breaker_fist | B17: SK_CMN_004 | C17: 파갑추 | D17: Fighter | E17: Personal | F17: Attack | G17: Surface | H17: HitEnemyLava | I17: SingleEnemy | J17: 0 | K17: 1 | L17: 6 | M17: ATK | N17: 1 | O17: 1 | P17: 0 | Q17: Lava | R17: 1 | S17: 1 | T17: 0 | Y17: 장갑을 꿰뚫는 정권으로 적 1명에게 (6+공격)의 피해를 입히고, 1사이클 동안 방어가 1 하락하는 허점(용암)을 부여한다. | Z17: 몬스터 방 처치 보상 풀 (표층 - 파천금강권) | AA17: =IF(OR(D17="Monster", E17="Basic"), 0, ROUND((MIN(IFERROR(VLOOKUP(G17, Relic_Price_Config!$A$5:$E$9, 4, FALSE), 350), MAX(IFERROR(VLOOKUP(G17, Relic_Price_Config!$A$5:$E$9, 3, FALSE), 210), ROUND((IFERROR(VLOOKUP(H17, Relic_Price_Config!$G$5:$N$100, 4, FALSE), 280) + N(L17) * IF(N(O17)>1, N(O17), 1) * IFERROR(VLOOKUP(H17, Relic_Price_Config!$G$5:$N$100, 5, FALSE), 10) + ABS(N(R17)) * IFERROR(VLOOKUP(H17, Relic_Price_Config!$G$5:$N$100, 6, FALSE), 15) + IF(N(S17)>1, (N(S17)-1)*10, 0)) * IFERROR(VLOOKUP(G17, Relic_Price_Config!$A$5:$E$9, 2, FALSE), 1), 0))) * 0.1) / 5, 0) * 5) -> 30 | AB17: =IF(AA17<=0, 0, ROUND((AA17*0.7)/5, 0)*5) -> 20
A18: iron_shirt_stance | B18: SK_CMN_005 | C18: 철포삼 | D18: Fighter | E18: Personal | F18: Defense | G18: Surface | H18: ShieldSelf | I18: Self | J18: 0 | K18: 1 | L18: 8 | M18: DEF | N18: 1 | O18: 1 | P18: 0 | R18: 0 | S18: 0 | T18: 0 | Y18: 외공으로 피부를 단련하여 자신에게 (8+방어)의 보호막을 생성한다. | Z18: 몬스터 방 처치 보상 풀 (표층 - 파천금강권) | AA18: =IF(OR(D18="Monster", E18="Basic"), 0, ROUND((MIN(IFERROR(VLOOKUP(G18, Relic_Price_Config!$A$5:$E$9, 4, FALSE), 350), MAX(IFERROR(VLOOKUP(G18, Relic_Price_Config!$A$5:$E$9, 3, FALSE), 210), ROUND((IFERROR(VLOOKUP(H18, Relic_Price_Config!$G$5:$N$100, 4, FALSE), 280) + N(L18) * IF(N(O18)>1, N(O18), 1) * IFERROR(VLOOKUP(H18, Relic_Price_Config!$G$5:$N$100, 5, FALSE), 10) + ABS(N(R18)) * IFERROR(VLOOKUP(H18, Relic_Price_Config!$G$5:$N$100, 6, FALSE), 15) + IF(N(S18)>1, (N(S18)-1)*10, 0)) * IFERROR(VLOOKUP(G18, Relic_Price_Config!$A$5:$E$9, 2, FALSE), 1), 0))) * 0.1) / 5, 0) * 5) -> 35 | AB18: =IF(AA18<=0, 0, ROUND((AA18*0.7)/5, 0)*5) -> 25
A19: aura_guard_strike | B19: SK_CMN_006 | C19: 호신강기격 | D19: Fighter | E19: Personal | F19: Attack | G19: Surface | H19: HitEnemyShield | I19: SingleEnemy | J19: 0 | K19: 1 | L19: 6 | M19: ATK | N19: 1 | O19: 1 | P19: 3 | R19: 0 | S19: 0 | T19: 0 | Y19: 공격과 동시에 호신강기를 둘러 적 1명에게 (6+공격)의 피해를 입히고, 자신에게 (3+방어)의 보호막을 생성한다. | Z19: 몬스터 방 처치 보상 풀 (표층 - 파천금강권), SecondaryValue = 획득 보호막 수치 | AA19: =IF(OR(D19="Monster", E19="Basic"), 0, ROUND((MIN(IFERROR(VLOOKUP(G19, Relic_Price_Config!$A$5:$E$9, 4, FALSE), 350), MAX(IFERROR(VLOOKUP(G19, Relic_Price_Config!$A$5:$E$9, 3, FALSE), 210), ROUND((IFERROR(VLOOKUP(H19, Relic_Price_Config!$G$5:$N$100, 4, FALSE), 280) + N(L19) * IF(N(O19)>1, N(O19), 1) * IFERROR(VLOOKUP(H19, Relic_Price_Config!$G$5:$N$100, 5, FALSE), 10) + ABS(N(R19)) * IFERROR(VLOOKUP(H19, Relic_Price_Config!$G$5:$N$100, 6, FALSE), 15) + IF(N(S19)>1, (N(S19)-1)*10, 0)) * IFERROR(VLOOKUP(G19, Relic_Price_Config!$A$5:$E$9, 2, FALSE), 1), 0))) * 0.1) / 5, 0) * 5) -> 30 | AB19: =IF(AA19<=0, 0, ROUND((AA19*0.7)/5, 0)*5) -> 20
A20: dantian_breathing | B20: SK_CMN_007 | C20: 단전 호흡 | D20: Fighter | E20: Personal | F20: Special | G20: Surface | H20: GainEnergy | I20: Self | J20: 0 | K20: 1 | L20: 1 | N20: 0 | O20: 1 | P20: 0 | R20: 0 | S20: 0 | T20: 0 | Y20: 단전의 기운을 끌어올려 즉시 행동 에너지를 1 회복한다. | Z20: 몬스터 방 처치 보상 풀 (표층 - 태극유수권) | AA20: =IF(OR(D20="Monster", E20="Basic"), 0, ROUND((MIN(IFERROR(VLOOKUP(G20, Relic_Price_Config!$A$5:$E$9, 4, FALSE), 350), MAX(IFERROR(VLOOKUP(G20, Relic_Price_Config!$A$5:$E$9, 3, FALSE), 210), ROUND((IFERROR(VLOOKUP(H20, Relic_Price_Config!$G$5:$N$100, 4, FALSE), 280) + N(L20) * IF(N(O20)>1, N(O20), 1) * IFERROR(VLOOKUP(H20, Relic_Price_Config!$G$5:$N$100, 5, FALSE), 10) + ABS(N(R20)) * IFERROR(VLOOKUP(H20, Relic_Price_Config!$G$5:$N$100, 6, FALSE), 15) + IF(N(S20)>1, (N(S20)-1)*10, 0)) * IFERROR(VLOOKUP(G20, Relic_Price_Config!$A$5:$E$9, 2, FALSE), 1), 0))) * 0.1) / 5, 0) * 5) -> 35 | AB20: =IF(AA20<=0, 0, ROUND((AA20*0.7)/5, 0)*5) -> 25
A21: qi_circulation_strike | B21: SK_CMN_008 | C21: 기혈 순환격 | D21: Fighter | E21: Personal | F21: Attack | G21: Surface | H21: HitEnemyHealSelf | I21: SingleEnemy | J21: 0 | K21: 1 | L21: 5 | M21: ATK | N21: 1 | O21: 1 | P21: 3 | R21: 0 | S21: 0 | T21: 0 | Y21: 타격과 함께 기혈을 순환시켜 적 1명에게 (5+공격)의 피해를 입히고, 자신의 체력을 (3+방어)만큼 회복한다. | Z21: 몬스터 방 처치 보상 풀 (표층 - 태극유수권), SecondaryValue = 자가 회복량 | AA21: =IF(OR(D21="Monster", E21="Basic"), 0, ROUND((MIN(IFERROR(VLOOKUP(G21, Relic_Price_Config!$A$5:$E$9, 4, FALSE), 350), MAX(IFERROR(VLOOKUP(G21, Relic_Price_Config!$A$5:$E$9, 3, FALSE), 210), ROUND((IFERROR(VLOOKUP(H21, Relic_Price_Config!$G$5:$N$100, 4, FALSE), 280) + N(L21) * IF(N(O21)>1, N(O21), 1) * IFERROR(VLOOKUP(H21, Relic_Price_Config!$G$5:$N$100, 5, FALSE), 10) + ABS(N(R21)) * IFERROR(VLOOKUP(H21, Relic_Price_Config!$G$5:$N$100, 6, FALSE), 15) + IF(N(S21)>1, (N(S21)-1)*10, 0)) * IFERROR(VLOOKUP(G21, Relic_Price_Config!$A$5:$E$9, 2, FALSE), 1), 0))) * 0.1) / 5, 0) * 5) -> 30 | AB21: =IF(AA21<=0, 0, ROUND((AA21*0.7)/5, 0)*5) -> 20
A22: vitality_qi_flow | B22: SK_CMN_009 | C22: 운기조식 | D22: Fighter | E22: Personal | F22: Defense | G22: Surface | H22: HealSelfProtect | I22: Self | J22: 0 | K22: 1 | L22: 4 | M22: DEF | N22: 1 | O22: 1 | P22: 0 | Q22: Protection | R22: 1 | S22: 1 | T22: 0 | Y22: 내공으로 호흡을 정돈하여 자신의 체력을 (4+방어)만큼 회복하고, 1사이클 동안 방어가 1 증가하는 견고(가호)를 부여한다. | Z22: 몬스터 방 처치 보상 풀 (표층 - 태극유수권) | AA22: =IF(OR(D22="Monster", E22="Basic"), 0, ROUND((MIN(IFERROR(VLOOKUP(G22, Relic_Price_Config!$A$5:$E$9, 4, FALSE), 350), MAX(IFERROR(VLOOKUP(G22, Relic_Price_Config!$A$5:$E$9, 3, FALSE), 210), ROUND((IFERROR(VLOOKUP(H22, Relic_Price_Config!$G$5:$N$100, 4, FALSE), 280) + N(L22) * IF(N(O22)>1, N(O22), 1) * IFERROR(VLOOKUP(H22, Relic_Price_Config!$G$5:$N$100, 5, FALSE), 10) + ABS(N(R22)) * IFERROR(VLOOKUP(H22, Relic_Price_Config!$G$5:$N$100, 6, FALSE), 15) + IF(N(S22)>1, (N(S22)-1)*10, 0)) * IFERROR(VLOOKUP(G22, Relic_Price_Config!$A$5:$E$9, 2, FALSE), 1), 0))) * 0.1) / 5, 0) * 5) -> 30 | AB22: =IF(AA22<=0, 0, ROUND((AA22*0.7)/5, 0)*5) -> 20
A23: flowing_water_parry | B23: SK_CMN_010 | C23: 흘리기 | D23: Fighter | E23: Personal | F23: Defense | G23: Surface | H23: ShieldSelfCounter | I23: Self | J23: 0 | K23: 1 | L23: 5 | M23: DEF | N23: 1 | O23: 1 | P23: 2 | Q23: Counter | R23: 1 | S23: 1 | T23: 0 | Y23: 적의 공격을 흘려낼 준비를 하여 자신에게 (5+방어)의 보호막을 생성하고, 1사이클 동안 (2+방어)의 피해를 돌려주는 반격을 부여한다. | Z23: 몬스터 방 처치 보상 풀 (표층 - 태극유수권), SecondaryValue = 반격 기본 데미지 | AA23: =IF(OR(D23="Monster", E23="Basic"), 0, ROUND((MIN(IFERROR(VLOOKUP(G23, Relic_Price_Config!$A$5:$E$9, 4, FALSE), 350), MAX(IFERROR(VLOOKUP(G23, Relic_Price_Config!$A$5:$E$9, 3, FALSE), 210), ROUND((IFERROR(VLOOKUP(H23, Relic_Price_Config!$G$5:$N$100, 4, FALSE), 280) + N(L23) * IF(N(O23)>1, N(O23), 1) * IFERROR(VLOOKUP(H23, Relic_Price_Config!$G$5:$N$100, 5, FALSE), 10) + ABS(N(R23)) * IFERROR(VLOOKUP(H23, Relic_Price_Config!$G$5:$N$100, 6, FALSE), 15) + IF(N(S23)>1, (N(S23)-1)*10, 0)) * IFERROR(VLOOKUP(G23, Relic_Price_Config!$A$5:$E$9, 2, FALSE), 1), 0))) * 0.1) / 5, 0) * 5) -> 30 | AB23: =IF(AA23<=0, 0, ROUND((AA23*0.7)/5, 0)*5) -> 20
A24: acupoint_pierce | B24: SK_CMN_011 | C24: 혈도 찌르기 | D24: Fighter | E24: Personal | F24: Attack | G24: Surface | H24: HitEnemyMark | I24: SingleEnemy | J24: 0 | K24: 1 | L24: 5 | M24: ATK | N24: 1 | O24: 1 | P24: 0 | Q24: Mark | R24: 1 | S24: 1 | T24: 0 | Y24: 적 1명의 혈도를 정확히 찔러 (5+공격)의 피해를 입히고, 1사이클 동안 급소를 부여한다. | Z24: 몬스터 방 처치 보상 풀 (표층 - 뇌전점혈수) | AA24: =IF(OR(D24="Monster", E24="Basic"), 0, ROUND((MIN(IFERROR(VLOOKUP(G24, Relic_Price_Config!$A$5:$E$9, 4, FALSE), 350), MAX(IFERROR(VLOOKUP(G24, Relic_Price_Config!$A$5:$E$9, 3, FALSE), 210), ROUND((IFERROR(VLOOKUP(H24, Relic_Price_Config!$G$5:$N$100, 4, FALSE), 280) + N(L24) * IF(N(O24)>1, N(O24), 1) * IFERROR(VLOOKUP(H24, Relic_Price_Config!$G$5:$N$100, 5, FALSE), 10) + ABS(N(R24)) * IFERROR(VLOOKUP(H24, Relic_Price_Config!$G$5:$N$100, 6, FALSE), 15) + IF(N(S24)>1, (N(S24)-1)*10, 0)) * IFERROR(VLOOKUP(G24, Relic_Price_Config!$A$5:$E$9, 2, FALSE), 1), 0))) * 0.1) / 5, 0) * 5) -> 30 | AB24: =IF(AA24<=0, 0, ROUND((AA24*0.7)/5, 0)*5) -> 20
A25: thunder_whirlwind_kick | B25: SK_CMN_012 | C25: 뇌전선풍각 | D25: Fighter | E25: Personal | F25: Attack | G25: Surface | H25: HitAllEnemiesMulti | I25: AllEnemies | J25: 0 | K25: 1 | L25: 3 | M25: ATK | N25: 1 | O25: 2 | P25: 0 | R25: 0 | S25: 0 | T25: 0 | Y25: 번개 같은 회전 발차기로 적 전체에게 (3+공격)의 피해를 2회 입힌다. | Z25: 몬스터 방 처치 보상 풀 (표층 - 뇌전점혈수) | AA25: =IF(OR(D25="Monster", E25="Basic"), 0, ROUND((MIN(IFERROR(VLOOKUP(G25, Relic_Price_Config!$A$5:$E$9, 4, FALSE), 350), MAX(IFERROR(VLOOKUP(G25, Relic_Price_Config!$A$5:$E$9, 3, FALSE), 210), ROUND((IFERROR(VLOOKUP(H25, Relic_Price_Config!$G$5:$N$100, 4, FALSE), 280) + N(L25) * IF(N(O25)>1, N(O25), 1) * IFERROR(VLOOKUP(H25, Relic_Price_Config!$G$5:$N$100, 5, FALSE), 10) + ABS(N(R25)) * IFERROR(VLOOKUP(H25, Relic_Price_Config!$G$5:$N$100, 6, FALSE), 15) + IF(N(S25)>1, (N(S25)-1)*10, 0)) * IFERROR(VLOOKUP(G25, Relic_Price_Config!$A$5:$E$9, 2, FALSE), 1), 0))) * 0.1) / 5, 0) * 5) -> 30 | AB25: =IF(AA25<=0, 0, ROUND((AA25*0.7)/5, 0)*5) -> 20
A26: meridian_disrupt | B26: SK_CMN_013 | C26: 경맥 파열 | D26: Fighter | E26: Personal | F26: Attack | G26: Surface | H26: HitEnemyInternalInjury | I26: SingleEnemy | J26: 0 | K26: 1 | L26: 6 | M26: ATK | N26: 1 | O26: 1 | P26: 0 | Q26: InternalInjury | R26: 2 | S26: 1 | T26: 0 | Y26: 적 1명의 경맥에 기운을 침투시켜 (6+공격)의 피해를 입히고, 1사이클 동안 스킬 에너지 사용 시 2 피해를 입는 내상을 부여한다. | Z26: 몬스터 방 처치 보상 풀 (표층 - 뇌전점혈수) | AA26: =IF(OR(D26="Monster", E26="Basic"), 0, ROUND((MIN(IFERROR(VLOOKUP(G26, Relic_Price_Config!$A$5:$E$9, 4, FALSE), 350), MAX(IFERROR(VLOOKUP(G26, Relic_Price_Config!$A$5:$E$9, 3, FALSE), 210), ROUND((IFERROR(VLOOKUP(H26, Relic_Price_Config!$G$5:$N$100, 4, FALSE), 280) + N(L26) * IF(N(O26)>1, N(O26), 1) * IFERROR(VLOOKUP(H26, Relic_Price_Config!$G$5:$N$100, 5, FALSE), 10) + ABS(N(R26)) * IFERROR(VLOOKUP(H26, Relic_Price_Config!$G$5:$N$100, 6, FALSE), 15) + IF(N(S26)>1, (N(S26)-1)*10, 0)) * IFERROR(VLOOKUP(G26, Relic_Price_Config!$A$5:$E$9, 2, FALSE), 1), 0))) * 0.1) / 5, 0) * 5) -> 35 | AB26: =IF(AA26<=0, 0, ROUND((AA26*0.7)/5, 0)*5) -> 25
A27: blood_release | B27: SK_CMN_014 | C27: 혈기 해방 | D27: Fighter | E27: Personal | F27: Special | G27: Surface | H27: BraveSelfDmg | I27: Self | J27: 0 | K27: 1 | L27: 0 | N27: 0 | O27: 1 | P27: 0 | Q27: Brave | R27: 2 | S27: 1 | T27: 2 | Y27: 자신의 체력을 2 소모하여 혈기를 개방하고, 1사이클 동안 자신의 공격을 2 증가시킨다. | Z27: 몬스터 방 처치 보상 풀 (표층 - 혈마광공), SelfDamage=2 | AA27: =IF(OR(D27="Monster", E27="Basic"), 0, ROUND((MIN(IFERROR(VLOOKUP(G27, Relic_Price_Config!$A$5:$E$9, 4, FALSE), 350), MAX(IFERROR(VLOOKUP(G27, Relic_Price_Config!$A$5:$E$9, 3, FALSE), 210), ROUND((IFERROR(VLOOKUP(H27, Relic_Price_Config!$G$5:$N$100, 4, FALSE), 280) + N(L27) * IF(N(O27)>1, N(O27), 1) * IFERROR(VLOOKUP(H27, Relic_Price_Config!$G$5:$N$100, 5, FALSE), 10) + ABS(N(R27)) * IFERROR(VLOOKUP(H27, Relic_Price_Config!$G$5:$N$100, 6, FALSE), 15) + IF(N(S27)>1, (N(S27)-1)*10, 0)) * IFERROR(VLOOKUP(G27, Relic_Price_Config!$A$5:$E$9, 2, FALSE), 1), 0))) * 0.1) / 5, 0) * 5) -> 30 | AB27: =IF(AA27<=0, 0, ROUND((AA27*0.7)/5, 0)*5) -> 20
A28: blood_slash | B28: SK_CMN_015 | C28: 혈참 | D28: Fighter | E28: Personal | F28: Attack | G28: Surface | H28: HitEnemySelfDmgDrain | I28: SingleEnemy | J28: 0 | K28: 1 | L28: 8 | M28: ATK | N28: 1 | O28: 1 | P28: 4 | Q28: SelfDamage | R28: 2 | S28: 0 | T28: 2 | Y28: 자신의 체력을 2 소모하여 적 1명에게 혈기를 실은 (8+공격)의 피해를 입히고, 대상의 체력을 깎았다면 체력을 4 회복한다. | Z28: 몬스터 방 처치 보상 풀 (표층 - 혈마광공), SelfDamage=2, SecondaryValue=체력 타격 성공 시 고정 회복량(4) | AA28: =IF(OR(D28="Monster", E28="Basic"), 0, ROUND((MIN(IFERROR(VLOOKUP(G28, Relic_Price_Config!$A$5:$E$9, 4, FALSE), 350), MAX(IFERROR(VLOOKUP(G28, Relic_Price_Config!$A$5:$E$9, 3, FALSE), 210), ROUND((IFERROR(VLOOKUP(H28, Relic_Price_Config!$G$5:$N$100, 4, FALSE), 280) + N(L28) * IF(N(O28)>1, N(O28), 1) * IFERROR(VLOOKUP(H28, Relic_Price_Config!$G$5:$N$100, 5, FALSE), 10) + ABS(N(R28)) * IFERROR(VLOOKUP(H28, Relic_Price_Config!$G$5:$N$100, 6, FALSE), 15) + IF(N(S28)>1, (N(S28)-1)*10, 0)) * IFERROR(VLOOKUP(G28, Relic_Price_Config!$A$5:$E$9, 2, FALSE), 1), 0))) * 0.1) / 5, 0) * 5) -> 30 | AB28: =IF(AA28<=0, 0, ROUND((AA28*0.7)/5, 0)*5) -> 20
A29: blood_flash | B29: SK_CMN_016 | C29: 혈섬 | D29: Fighter | E29: Personal | F29: Attack | G29: Surface | H29: HitAllSelfDmgDrain | I29: AllEnemies | J29: 0 | K29: 1 | L29: 7 | M29: ATK | N29: 1 | O29: 1 | P29: 2 | Q29: SelfDamage | R29: 3 | S29: 0 | T29: 3 | Y29: 자신의 체력을 3 소모하여 적 전체를 일섬으로 베어 (7+공격)의 피해를 입히고, 체력을 깎은 적 1명당 체력을 2 회복한다. | Z29: 몬스터 방 처치 보상 풀 (표층 - 혈마광공), SelfDamage=3, SecondaryValue=적 1명당 체력 타격 성공 시 고정 회복량(2) | AA29: =IF(OR(D29="Monster", E29="Basic"), 0, ROUND((MIN(IFERROR(VLOOKUP(G29, Relic_Price_Config!$A$5:$E$9, 4, FALSE), 350), MAX(IFERROR(VLOOKUP(G29, Relic_Price_Config!$A$5:$E$9, 3, FALSE), 210), ROUND((IFERROR(VLOOKUP(H29, Relic_Price_Config!$G$5:$N$100, 4, FALSE), 280) + N(L29) * IF(N(O29)>1, N(O29), 1) * IFERROR(VLOOKUP(H29, Relic_Price_Config!$G$5:$N$100, 5, FALSE), 10) + ABS(N(R29)) * IFERROR(VLOOKUP(H29, Relic_Price_Config!$G$5:$N$100, 6, FALSE), 15) + IF(N(S29)>1, (N(S29)-1)*10, 0)) * IFERROR(VLOOKUP(G29, Relic_Price_Config!$A$5:$E$9, 2, FALSE), 1), 0))) * 0.1) / 5, 0) * 5) -> 30 | AB29: =IF(AA29<=0, 0, ROUND((AA29*0.7)/5, 0)*5) -> 20
A30: blood_burst_strike | B30: SK_CMN_017 | C30: 폭혈일격 | D30: Fighter | E30: Personal | F30: Attack | G30: Surface | H30: HitEnemySelfDmgDrain | I30: SingleEnemy | J30: 0 | K30: 1 | L30: 12 | M30: ATK | N30: 1 | O30: 1 | P30: 6 | Q30: SelfDamage | R30: 4 | S30: 0 | T30: 4 | Y30: 자신의 체력을 4 소모하여 혈기를 폭발시키는 일격으로 적 1명에게 (12+공격)의 피해를 입히고, 대상의 체력을 깎았다면 체력을 6 회복한다. | Z30: 몬스터 방 처치 보상 풀 (표층 - 혈마광공), SelfDamage=4, SecondaryValue=체력 타격 성공 시 고정 회복량(6) | AA30: =IF(OR(D30="Monster", E30="Basic"), 0, ROUND((MIN(IFERROR(VLOOKUP(G30, Relic_Price_Config!$A$5:$E$9, 4, FALSE), 350), MAX(IFERROR(VLOOKUP(G30, Relic_Price_Config!$A$5:$E$9, 3, FALSE), 210), ROUND((IFERROR(VLOOKUP(H30, Relic_Price_Config!$G$5:$N$100, 4, FALSE), 280) + N(L30) * IF(N(O30)>1, N(O30), 1) * IFERROR(VLOOKUP(H30, Relic_Price_Config!$G$5:$N$100, 5, FALSE), 10) + ABS(N(R30)) * IFERROR(VLOOKUP(H30, Relic_Price_Config!$G$5:$N$100, 6, FALSE), 15) + IF(N(S30)>1, (N(S30)-1)*10, 0)) * IFERROR(VLOOKUP(G30, Relic_Price_Config!$A$5:$E$9, 2, FALSE), 1), 0))) * 0.1) / 5, 0) * 5) -> 30 | AB30: =IF(AA30<=0, 0, ROUND((AA30*0.7)/5, 0)*5) -> 20
A31: storm_fighting_spirit | B31: SK_CMN_018 | C31: 폭풍같은 투기 | D31: Fighter | E31: Personal | F31: Special | G31: Mid | H31: BraveSelf | I31: Self | J31: 0 | K31: 1 | L31: 0 | N31: 0 | O31: 1 | P31: 0 | Q31: Brave | R31: 2 | S31: 2 | T31: 0 | Y31: 폭풍처럼 휘몰아치는 투기를 일으켜 2사이클 동안 자신의 공격을 2 증가시킨다. | Z31: 몬스터 방 처치 보상 풀 (중층 - 질풍신각) | AA31: =IF(OR(D31="Monster", E31="Basic"), 0, ROUND((MIN(IFERROR(VLOOKUP(G31, Relic_Price_Config!$A$5:$E$9, 4, FALSE), 350), MAX(IFERROR(VLOOKUP(G31, Relic_Price_Config!$A$5:$E$9, 3, FALSE), 210), ROUND((IFERROR(VLOOKUP(H31, Relic_Price_Config!$G$5:$N$100, 4, FALSE), 280) + N(L31) * IF(N(O31)>1, N(O31), 1) * IFERROR(VLOOKUP(H31, Relic_Price_Config!$G$5:$N$100, 5, FALSE), 10) + ABS(N(R31)) * IFERROR(VLOOKUP(H31, Relic_Price_Config!$G$5:$N$100, 6, FALSE), 15) + IF(N(S31)>1, (N(S31)-1)*10, 0)) * IFERROR(VLOOKUP(G31, Relic_Price_Config!$A$5:$E$9, 2, FALSE), 1), 0))) * 0.1) / 5, 0) * 5) -> 50 | AB31: =IF(AA31<=0, 0, ROUND((AA31*0.7)/5, 0)*5) -> 35
A32: sky_walk_step | B32: SK_CMN_019 | C32: 허공답보 | D32: Fighter | E32: Personal | F32: Defense | G32: Mid | H32: ShieldSelfEvasion | I32: Self | J32: 0 | K32: 1 | L32: 9 | M32: DEF | N32: 1 | O32: 1 | P32: 0 | Q32: Evasion | R32: 2 | S32: 1 | T32: 0 | Y32: 허공을 밟는 보법으로 자신에게 (9+방어)의 보호막을 생성하고, 1사이클 동안 회피가 2 증가하는 민첩을 부여한다. | Z32: 몬스터 방 처치 보상 풀 (중층 - 질풍신각) | AA32: =IF(OR(D32="Monster", E32="Basic"), 0, ROUND((MIN(IFERROR(VLOOKUP(G32, Relic_Price_Config!$A$5:$E$9, 4, FALSE), 350), MAX(IFERROR(VLOOKUP(G32, Relic_Price_Config!$A$5:$E$9, 3, FALSE), 210), ROUND((IFERROR(VLOOKUP(H32, Relic_Price_Config!$G$5:$N$100, 4, FALSE), 280) + N(L32) * IF(N(O32)>1, N(O32), 1) * IFERROR(VLOOKUP(H32, Relic_Price_Config!$G$5:$N$100, 5, FALSE), 10) + ABS(N(R32)) * IFERROR(VLOOKUP(H32, Relic_Price_Config!$G$5:$N$100, 6, FALSE), 15) + IF(N(S32)>1, (N(S32)-1)*10, 0)) * IFERROR(VLOOKUP(G32, Relic_Price_Config!$A$5:$E$9, 2, FALSE), 1), 0))) * 0.1) / 5, 0) * 5) -> 50 | AB32: =IF(AA32<=0, 0, ROUND((AA32*0.7)/5, 0)*5) -> 35
A33: storm_quad_kick | B33: SK_CMN_020 | C33: 폭풍사연각 | D33: Fighter | E33: Personal | F33: Attack | G33: Mid | H33: HitEnemyMulti | I33: SingleEnemy | J33: 0 | K33: 1 | L33: 4 | M33: ATK | N33: 1 | O33: 4 | P33: 0 | R33: 0 | S33: 0 | T33: 0 | Y33: 폭풍처럼 몰아치는 4연속 발차기로 적 1명에게 (4+공격)의 피해를 4회 입힌다. | Z33: 몬스터 방 처치 보상 풀 (중층 - 질풍신각) | AA33: =IF(OR(D33="Monster", E33="Basic"), 0, ROUND((MIN(IFERROR(VLOOKUP(G33, Relic_Price_Config!$A$5:$E$9, 4, FALSE), 350), MAX(IFERROR(VLOOKUP(G33, Relic_Price_Config!$A$5:$E$9, 3, FALSE), 210), ROUND((IFERROR(VLOOKUP(H33, Relic_Price_Config!$G$5:$N$100, 4, FALSE), 280) + N(L33) * IF(N(O33)>1, N(O33), 1) * IFERROR(VLOOKUP(H33, Relic_Price_Config!$G$5:$N$100, 5, FALSE), 10) + ABS(N(R33)) * IFERROR(VLOOKUP(H33, Relic_Price_Config!$G$5:$N$100, 6, FALSE), 15) + IF(N(S33)>1, (N(S33)-1)*10, 0)) * IFERROR(VLOOKUP(G33, Relic_Price_Config!$A$5:$E$9, 2, FALSE), 1), 0))) * 0.1) / 5, 0) * 5) -> 55 | AB33: =IF(AA33<=0, 0, ROUND((AA33*0.7)/5, 0)*5) -> 40
A34: bone_crushing_strike | B34: SK_CMN_021 | C34: 쇄골파천 | D34: Fighter | E34: Personal | F34: Attack | G34: Mid | H34: HitEnemyLava | I34: SingleEnemy | J34: 0 | K34: 1 | L34: 12 | M34: ATK | N34: 1 | O34: 1 | P34: 0 | Q34: Lava | R34: 2 | S34: 2 | T34: 0 | Y34: 뼈를 부수는 일격으로 적 1명에게 (12+공격)의 피해를 입히고, 2사이클 동안 방어가 2 하락하는 허점(용암)을 부여한다. | Z34: 몬스터 방 처치 보상 풀 (중층 - 파천금강권) | AA34: =IF(OR(D34="Monster", E34="Basic"), 0, ROUND((MIN(IFERROR(VLOOKUP(G34, Relic_Price_Config!$A$5:$E$9, 4, FALSE), 350), MAX(IFERROR(VLOOKUP(G34, Relic_Price_Config!$A$5:$E$9, 3, FALSE), 210), ROUND((IFERROR(VLOOKUP(H34, Relic_Price_Config!$G$5:$N$100, 4, FALSE), 280) + N(L34) * IF(N(O34)>1, N(O34), 1) * IFERROR(VLOOKUP(H34, Relic_Price_Config!$G$5:$N$100, 5, FALSE), 10) + ABS(N(R34)) * IFERROR(VLOOKUP(H34, Relic_Price_Config!$G$5:$N$100, 6, FALSE), 15) + IF(N(S34)>1, (N(S34)-1)*10, 0)) * IFERROR(VLOOKUP(G34, Relic_Price_Config!$A$5:$E$9, 2, FALSE), 1), 0))) * 0.1) / 5, 0) * 5) -> 55 | AB34: =IF(AA34<=0, 0, ROUND((AA34*0.7)/5, 0)*5) -> 40
A35: diamond_body_stance | B35: SK_CMN_022 | C35: 금강불괴 | D35: Fighter | E35: Personal | F35: Defense | G35: Mid | H35: ShieldSelfSolid | I35: Self | J35: 0 | K35: 1 | L35: 14 | M35: DEF | N35: 1 | O35: 1 | P35: 0 | Q35: Solid | R35: 2 | S35: 2 | T35: 0 | Y35: 금강석처럼 육체를 경화시켜 자신에게 (14+방어)의 보호막을 생성하고, 2사이클 동안 방어를 2 증가시킨다. | Z35: 몬스터 방 처치 보상 풀 (중층 - 파천금강권) | AA35: =IF(OR(D35="Monster", E35="Basic"), 0, ROUND((MIN(IFERROR(VLOOKUP(G35, Relic_Price_Config!$A$5:$E$9, 4, FALSE), 350), MAX(IFERROR(VLOOKUP(G35, Relic_Price_Config!$A$5:$E$9, 3, FALSE), 210), ROUND((IFERROR(VLOOKUP(H35, Relic_Price_Config!$G$5:$N$100, 4, FALSE), 280) + N(L35) * IF(N(O35)>1, N(O35), 1) * IFERROR(VLOOKUP(H35, Relic_Price_Config!$G$5:$N$100, 5, FALSE), 10) + ABS(N(R35)) * IFERROR(VLOOKUP(H35, Relic_Price_Config!$G$5:$N$100, 6, FALSE), 15) + IF(N(S35)>1, (N(S35)-1)*10, 0)) * IFERROR(VLOOKUP(G35, Relic_Price_Config!$A$5:$E$9, 2, FALSE), 1), 0))) * 0.1) / 5, 0) * 5) -> 55 | AB35: =IF(AA35<=0, 0, ROUND((AA35*0.7)/5, 0)*5) -> 40
A36: vajra_shatter_fist | B36: SK_CMN_023 | C36: 금강파쇄권 | D36: Fighter | E36: Personal | F36: Attack | G36: Mid | H36: HitEnemyShield | I36: SingleEnemy | J36: 0 | K36: 1 | L36: 11 | M36: ATK | N36: 1 | O36: 1 | P36: 7 | R36: 0 | S36: 0 | T36: 0 | Y36: 강기를 두른 주먹으로 적 1명에게 (11+공격)의 피해를 입히고, 자신에게 (7+방어)의 보호막을 생성한다. | Z36: 몬스터 방 처치 보상 풀 (중층 - 파천금강권), SecondaryValue = 획득 보호막 수치 | AA36: =IF(OR(D36="Monster", E36="Basic"), 0, ROUND((MIN(IFERROR(VLOOKUP(G36, Relic_Price_Config!$A$5:$E$9, 4, FALSE), 350), MAX(IFERROR(VLOOKUP(G36, Relic_Price_Config!$A$5:$E$9, 3, FALSE), 210), ROUND((IFERROR(VLOOKUP(H36, Relic_Price_Config!$G$5:$N$100, 4, FALSE), 280) + N(L36) * IF(N(O36)>1, N(O36), 1) * IFERROR(VLOOKUP(H36, Relic_Price_Config!$G$5:$N$100, 5, FALSE), 10) + ABS(N(R36)) * IFERROR(VLOOKUP(H36, Relic_Price_Config!$G$5:$N$100, 6, FALSE), 15) + IF(N(S36)>1, (N(S36)-1)*10, 0)) * IFERROR(VLOOKUP(G36, Relic_Price_Config!$A$5:$E$9, 2, FALSE), 1), 0))) * 0.1) / 5, 0) * 5) -> 50 | AB36: =IF(AA36<=0, 0, ROUND((AA36*0.7)/5, 0)*5) -> 35
A37: meridian_unlock | B37: SK_CMN_024 | C37: 기맥 개방 | D37: Fighter | E37: Personal | F37: Special | G37: Mid | H37: GainEnergyProtectSelf | I37: Self | J37: 0 | K37: 1 | L37: 1 | N37: 0 | O37: 1 | P37: 0 | Q37: Protection | R37: 1 | S37: 2 | T37: 0 | Y37: 전신의 기맥을 개방하여 즉시 행동 에너지를 1 회복하고, 2사이클 동안 방어가 1 증가하는 견고(가호)를 부여한다. | Z37: 몬스터 방 처치 보상 풀 (중층 - 태극유수권) | AA37: =IF(OR(D37="Monster", E37="Basic"), 0, ROUND((MIN(IFERROR(VLOOKUP(G37, Relic_Price_Config!$A$5:$E$9, 4, FALSE), 350), MAX(IFERROR(VLOOKUP(G37, Relic_Price_Config!$A$5:$E$9, 3, FALSE), 210), ROUND((IFERROR(VLOOKUP(H37, Relic_Price_Config!$G$5:$N$100, 4, FALSE), 280) + N(L37) * IF(N(O37)>1, N(O37), 1) * IFERROR(VLOOKUP(H37, Relic_Price_Config!$G$5:$N$100, 5, FALSE), 10) + ABS(N(R37)) * IFERROR(VLOOKUP(H37, Relic_Price_Config!$G$5:$N$100, 6, FALSE), 15) + IF(N(S37)>1, (N(S37)-1)*10, 0)) * IFERROR(VLOOKUP(G37, Relic_Price_Config!$A$5:$E$9, 2, FALSE), 1), 0))) * 0.1) / 5, 0) * 5) -> 50 | AB37: =IF(AA37<=0, 0, ROUND((AA37*0.7)/5, 0)*5) -> 35
A38: taiji_revival_fist | B38: SK_CMN_025 | C38: 태극회생권 | D38: Fighter | E38: Personal | F38: Attack | G38: Mid | H38: HitEnemyHealSelf | I38: SingleEnemy | J38: 0 | K38: 1 | L38: 10 | M38: ATK | N38: 1 | O38: 1 | P38: 6 | R38: 0 | S38: 0 | T38: 0 | Y38: 태극의 순환지기로 적 1명에게 (10+공격)의 피해를 입히고, 자신의 체력을 (6+방어)만큼 회복한다. | Z38: 몬스터 방 처치 보상 풀 (중층 - 태극유수권), SecondaryValue = 자가 회복량 | AA38: =IF(OR(D38="Monster", E38="Basic"), 0, ROUND((MIN(IFERROR(VLOOKUP(G38, Relic_Price_Config!$A$5:$E$9, 4, FALSE), 350), MAX(IFERROR(VLOOKUP(G38, Relic_Price_Config!$A$5:$E$9, 3, FALSE), 210), ROUND((IFERROR(VLOOKUP(H38, Relic_Price_Config!$G$5:$N$100, 4, FALSE), 280) + N(L38) * IF(N(O38)>1, N(O38), 1) * IFERROR(VLOOKUP(H38, Relic_Price_Config!$G$5:$N$100, 5, FALSE), 10) + ABS(N(R38)) * IFERROR(VLOOKUP(H38, Relic_Price_Config!$G$5:$N$100, 6, FALSE), 15) + IF(N(S38)>1, (N(S38)-1)*10, 0)) * IFERROR(VLOOKUP(G38, Relic_Price_Config!$A$5:$E$9, 2, FALSE), 1), 0))) * 0.1) / 5, 0) * 5) -> 50 | AB38: =IF(AA38<=0, 0, ROUND((AA38*0.7)/5, 0)*5) -> 35
A39: taiji_qi_barrier | B39: SK_CMN_026 | C39: 태극기공 | D39: Fighter | E39: Personal | F39: Defense | G39: Mid | H39: ShieldSelfAbsorption | I39: Self | J39: 0 | K39: 1 | L39: 11 | M39: DEF | N39: 1 | O39: 1 | P39: 0 | Q39: Absorption | R39: 20 | S39: 1 | T39: 0 | Y39: 부드러운 태극 기공을 펼쳐 자신에게 (11+방어)의 보호막을 생성하고, 1사이클 동안 피격 시 받은 피해의 20%를 회복하는 흡수를 부여한다. | Z39: 몬스터 방 처치 보상 풀 (중층 - 태극유수권) | AA39: =IF(OR(D39="Monster", E39="Basic"), 0, ROUND((MIN(IFERROR(VLOOKUP(G39, Relic_Price_Config!$A$5:$E$9, 4, FALSE), 350), MAX(IFERROR(VLOOKUP(G39, Relic_Price_Config!$A$5:$E$9, 3, FALSE), 210), ROUND((IFERROR(VLOOKUP(H39, Relic_Price_Config!$G$5:$N$100, 4, FALSE), 280) + N(L39) * IF(N(O39)>1, N(O39), 1) * IFERROR(VLOOKUP(H39, Relic_Price_Config!$G$5:$N$100, 5, FALSE), 10) + ABS(N(R39)) * IFERROR(VLOOKUP(H39, Relic_Price_Config!$G$5:$N$100, 6, FALSE), 15) + IF(N(S39)>1, (N(S39)-1)*10, 0)) * IFERROR(VLOOKUP(G39, Relic_Price_Config!$A$5:$E$9, 2, FALSE), 1), 0))) * 0.1) / 5, 0) * 5) -> 55 | AB39: =IF(AA39<=0, 0, ROUND((AA39*0.7)/5, 0)*5) -> 40
A40: taiji_counter_formation | B40: SK_CMN_027 | C40: 태극반격진 | D40: Fighter | E40: Personal | F40: Defense | G40: Mid | H40: ShieldSelfCounter | I40: Self | J40: 0 | K40: 1 | L40: 11 | M40: DEF | N40: 1 | O40: 1 | P40: 4 | Q40: Counter | R40: 1 | S40: 1 | T40: 0 | Y40: 태극 반격진을 펼쳐 자신에게 (11+방어)의 보호막을 생성하고, 1사이클 동안 (4+방어)의 피해를 돌려주는 반격을 부여한다. | Z40: 몬스터 방 처치 보상 풀 (중층 - 태극유수권), SecondaryValue = 반격 기본 데미지 | AA40: =IF(OR(D40="Monster", E40="Basic"), 0, ROUND((MIN(IFERROR(VLOOKUP(G40, Relic_Price_Config!$A$5:$E$9, 4, FALSE), 350), MAX(IFERROR(VLOOKUP(G40, Relic_Price_Config!$A$5:$E$9, 3, FALSE), 210), ROUND((IFERROR(VLOOKUP(H40, Relic_Price_Config!$G$5:$N$100, 4, FALSE), 280) + N(L40) * IF(N(O40)>1, N(O40), 1) * IFERROR(VLOOKUP(H40, Relic_Price_Config!$G$5:$N$100, 5, FALSE), 10) + ABS(N(R40)) * IFERROR(VLOOKUP(H40, Relic_Price_Config!$G$5:$N$100, 6, FALSE), 15) + IF(N(S40)>1, (N(S40)-1)*10, 0)) * IFERROR(VLOOKUP(G40, Relic_Price_Config!$A$5:$E$9, 2, FALSE), 1), 0))) * 0.1) / 5, 0) * 5) -> 55 | AB40: =IF(AA40<=0, 0, ROUND((AA40*0.7)/5, 0)*5) -> 40
A41: death_point_strike | B41: SK_CMN_028 | C41: 사혈점 타격 | D41: Fighter | E41: Personal | F41: Attack | G41: Mid | H41: HitEnemyMark | I41: SingleEnemy | J41: 0 | K41: 1 | L41: 13 | M41: ATK | N41: 1 | O41: 1 | P41: 0 | Q41: Mark | R41: 1 | S41: 2 | T41: 0 | Y41: 적 1명의 사혈점을 타격하여 (13+공격)의 피해를 입히고, 2사이클 동안 급소를 부여한다. | Z41: 몬스터 방 처치 보상 풀 (중층 - 뇌전점혈수) | AA41: =IF(OR(D41="Monster", E41="Basic"), 0, ROUND((MIN(IFERROR(VLOOKUP(G41, Relic_Price_Config!$A$5:$E$9, 4, FALSE), 350), MAX(IFERROR(VLOOKUP(G41, Relic_Price_Config!$A$5:$E$9, 3, FALSE), 210), ROUND((IFERROR(VLOOKUP(H41, Relic_Price_Config!$G$5:$N$100, 4, FALSE), 280) + N(L41) * IF(N(O41)>1, N(O41), 1) * IFERROR(VLOOKUP(H41, Relic_Price_Config!$G$5:$N$100, 5, FALSE), 10) + ABS(N(R41)) * IFERROR(VLOOKUP(H41, Relic_Price_Config!$G$5:$N$100, 6, FALSE), 15) + IF(N(S41)>1, (N(S41)-1)*10, 0)) * IFERROR(VLOOKUP(G41, Relic_Price_Config!$A$5:$E$9, 2, FALSE), 1), 0))) * 0.1) / 5, 0) * 5) -> 55 | AB41: =IF(AA41<=0, 0, ROUND((AA41*0.7)/5, 0)*5) -> 40
A42: lightning_triple_kick | B42: SK_CMN_029 | C42: 뇌격삼연각 | D42: Fighter | E42: Personal | F42: Attack | G42: Mid | H42: HitAllEnemiesMulti | I42: AllEnemies | J42: 0 | K42: 1 | L42: 4 | M42: ATK | N42: 1 | O42: 3 | P42: 0 | R42: 0 | S42: 0 | T42: 0 | Y42: 뇌격을 실은 3연속 발차기로 적 전체에게 (4+공격)의 피해를 3회 입힌다. | Z42: 몬스터 방 처치 보상 풀 (중층 - 뇌전점혈수) | AA42: =IF(OR(D42="Monster", E42="Basic"), 0, ROUND((MIN(IFERROR(VLOOKUP(G42, Relic_Price_Config!$A$5:$E$9, 4, FALSE), 350), MAX(IFERROR(VLOOKUP(G42, Relic_Price_Config!$A$5:$E$9, 3, FALSE), 210), ROUND((IFERROR(VLOOKUP(H42, Relic_Price_Config!$G$5:$N$100, 4, FALSE), 280) + N(L42) * IF(N(O42)>1, N(O42), 1) * IFERROR(VLOOKUP(H42, Relic_Price_Config!$G$5:$N$100, 5, FALSE), 10) + ABS(N(R42)) * IFERROR(VLOOKUP(H42, Relic_Price_Config!$G$5:$N$100, 6, FALSE), 15) + IF(N(S42)>1, (N(S42)-1)*10, 0)) * IFERROR(VLOOKUP(G42, Relic_Price_Config!$A$5:$E$9, 2, FALSE), 1), 0))) * 0.1) / 5, 0) * 5) -> 50 | AB42: =IF(AA42<=0, 0, ROUND((AA42*0.7)/5, 0)*5) -> 35
A43: qi_backflow_strike | B43: SK_CMN_030 | C43: 진기 역류 | D43: Fighter | E43: Personal | F43: Attack | G43: Mid | H43: HitEnemyInternalInjury | I43: SingleEnemy | J43: 0 | K43: 1 | L43: 12 | M43: ATK | N43: 1 | O43: 1 | P43: 0 | Q43: InternalInjury | R43: 3 | S43: 2 | T43: 0 | Y43: 적 1명의 체내 진기를 역류시켜 (12+공격)의 피해를 입히고, 2사이클 동안 스킬 에너지 사용 시 3 피해를 입는 내상을 부여한다. | Z43: 몬스터 방 처치 보상 풀 (중층 - 뇌전점혈수) | AA43: =IF(OR(D43="Monster", E43="Basic"), 0, ROUND((MIN(IFERROR(VLOOKUP(G43, Relic_Price_Config!$A$5:$E$9, 4, FALSE), 350), MAX(IFERROR(VLOOKUP(G43, Relic_Price_Config!$A$5:$E$9, 3, FALSE), 210), ROUND((IFERROR(VLOOKUP(H43, Relic_Price_Config!$G$5:$N$100, 4, FALSE), 280) + N(L43) * IF(N(O43)>1, N(O43), 1) * IFERROR(VLOOKUP(H43, Relic_Price_Config!$G$5:$N$100, 5, FALSE), 10) + ABS(N(R43)) * IFERROR(VLOOKUP(H43, Relic_Price_Config!$G$5:$N$100, 6, FALSE), 15) + IF(N(S43)>1, (N(S43)-1)*10, 0)) * IFERROR(VLOOKUP(G43, Relic_Price_Config!$A$5:$E$9, 2, FALSE), 1), 0))) * 0.1) / 5, 0) * 5) -> 55 | AB43: =IF(AA43<=0, 0, ROUND((AA43*0.7)/5, 0)*5) -> 40
A44: blood_vessel_overdrive | B44: SK_CMN_031 | C44: 혈맥 폭주 | D44: Fighter | E44: Personal | F44: Special | G44: Mid | H44: BraveSelfDmg | I44: Self | J44: 0 | K44: 1 | L44: 0 | N44: 0 | O44: 1 | P44: 0 | Q44: Brave | R44: 3 | S44: 2 | T44: 4 | Y44: 자신의 체력을 4 소모하여 혈맥을 폭주시키고, 2사이클 동안 자신의 공격을 3 증가시킨다. | Z44: 몬스터 방 처치 보상 풀 (중층 - 혈마광공), SelfDamage=4 | AA44: =IF(OR(D44="Monster", E44="Basic"), 0, ROUND((MIN(IFERROR(VLOOKUP(G44, Relic_Price_Config!$A$5:$E$9, 4, FALSE), 350), MAX(IFERROR(VLOOKUP(G44, Relic_Price_Config!$A$5:$E$9, 3, FALSE), 210), ROUND((IFERROR(VLOOKUP(H44, Relic_Price_Config!$G$5:$N$100, 4, FALSE), 280) + N(L44) * IF(N(O44)>1, N(O44), 1) * IFERROR(VLOOKUP(H44, Relic_Price_Config!$G$5:$N$100, 5, FALSE), 10) + ABS(N(R44)) * IFERROR(VLOOKUP(H44, Relic_Price_Config!$G$5:$N$100, 6, FALSE), 15) + IF(N(S44)>1, (N(S44)-1)*10, 0)) * IFERROR(VLOOKUP(G44, Relic_Price_Config!$A$5:$E$9, 2, FALSE), 1), 0))) * 0.1) / 5, 0) * 5) -> 50 | AB44: =IF(AA44<=0, 0, ROUND((AA44*0.7)/5, 0)*5) -> 35
A45: blood_storm_dual_strike | B45: SK_CMN_032 | C45: 혈풍이연격 | D45: Fighter | E45: Personal | F45: Attack | G45: Mid | H45: HitEnemyMultiSelfDmgDrain | I45: SingleEnemy | J45: 0 | K45: 1 | L45: 7 | M45: ATK | N45: 1 | O45: 2 | P45: 3 | Q45: SelfDamage | R45: 3 | S45: 0 | T45: 3 | Y45: 자신의 체력을 3 소모하여 적 1명에게 (7+공격)의 피해를 2회 입히고, 매 타격이 대상의 체력을 깎을 때마다 체력을 3 회복한다. | Z45: 몬스터 방 처치 보상 풀 (중층 - 혈마광공), SelfDamage=3, SecondaryValue=타격당 체력 타격 성공 시 고정 회복량(3, 최대 6) | AA45: =IF(OR(D45="Monster", E45="Basic"), 0, ROUND((MIN(IFERROR(VLOOKUP(G45, Relic_Price_Config!$A$5:$E$9, 4, FALSE), 350), MAX(IFERROR(VLOOKUP(G45, Relic_Price_Config!$A$5:$E$9, 3, FALSE), 210), ROUND((IFERROR(VLOOKUP(H45, Relic_Price_Config!$G$5:$N$100, 4, FALSE), 280) + N(L45) * IF(N(O45)>1, N(O45), 1) * IFERROR(VLOOKUP(H45, Relic_Price_Config!$G$5:$N$100, 5, FALSE), 10) + ABS(N(R45)) * IFERROR(VLOOKUP(H45, Relic_Price_Config!$G$5:$N$100, 6, FALSE), 15) + IF(N(S45)>1, (N(S45)-1)*10, 0)) * IFERROR(VLOOKUP(G45, Relic_Price_Config!$A$5:$E$9, 2, FALSE), 1), 0))) * 0.1) / 5, 0) * 5) -> 50 | AB45: =IF(AA45<=0, 0, ROUND((AA45*0.7)/5, 0)*5) -> 35
A46: blood_demon_slash | B46: SK_CMN_033 | C46: 혈마참 | D46: Fighter | E46: Personal | F46: Attack | G46: Mid | H46: HitAllSelfDmgDrain | I46: AllEnemies | J46: 0 | K46: 1 | L46: 12 | M46: ATK | N46: 1 | O46: 1 | P46: 3 | Q46: SelfDamage | R46: 4 | S46: 0 | T46: 4 | Y46: 자신의 체력을 4 소모하여 혈기의 참격으로 적 전체에게 (12+공격)의 피해를 입히고, 체력을 깎은 적 1명당 체력을 3 회복한다. | Z46: 몬스터 방 처치 보상 풀 (중층 - 혈마광공), SelfDamage=4, SecondaryValue=적 1명당 체력 타격 성공 시 고정 회복량(3) | AA46: =IF(OR(D46="Monster", E46="Basic"), 0, ROUND((MIN(IFERROR(VLOOKUP(G46, Relic_Price_Config!$A$5:$E$9, 4, FALSE), 350), MAX(IFERROR(VLOOKUP(G46, Relic_Price_Config!$A$5:$E$9, 3, FALSE), 210), ROUND((IFERROR(VLOOKUP(H46, Relic_Price_Config!$G$5:$N$100, 4, FALSE), 280) + N(L46) * IF(N(O46)>1, N(O46), 1) * IFERROR(VLOOKUP(H46, Relic_Price_Config!$G$5:$N$100, 5, FALSE), 10) + ABS(N(R46)) * IFERROR(VLOOKUP(H46, Relic_Price_Config!$G$5:$N$100, 6, FALSE), 15) + IF(N(S46)>1, (N(S46)-1)*10, 0)) * IFERROR(VLOOKUP(G46, Relic_Price_Config!$A$5:$E$9, 2, FALSE), 1), 0))) * 0.1) / 5, 0) * 5) -> 50 | AB46: =IF(AA46<=0, 0, ROUND((AA46*0.7)/5, 0)*5) -> 35
A47: true_crimson_slash | B47: SK_CMN_034 | C47: 진·폭혈참 | D47: Fighter | E47: Personal | F47: Attack | G47: Mid | H47: HitEnemySelfDmgDrain | I47: SingleEnemy | J47: 0 | K47: 1 | L47: 22 | M47: ATK | N47: 1 | O47: 1 | P47: 9 | Q47: SelfDamage | R47: 6 | S47: 0 | T47: 6 | Y47: 자신의 체력을 6 소모하여 응축된 폭혈의 일격으로 적 1명에게 (22+공격)의 피해를 입히고, 대상의 체력을 깎았다면 체력을 9 회복한다. | Z47: 몬스터 방 처치 보상 풀 (중층 - 혈마광공), SelfDamage=6, SecondaryValue=체력 타격 성공 시 고정 회복량(9) | AA47: =IF(OR(D47="Monster", E47="Basic"), 0, ROUND((MIN(IFERROR(VLOOKUP(G47, Relic_Price_Config!$A$5:$E$9, 4, FALSE), 350), MAX(IFERROR(VLOOKUP(G47, Relic_Price_Config!$A$5:$E$9, 3, FALSE), 210), ROUND((IFERROR(VLOOKUP(H47, Relic_Price_Config!$G$5:$N$100, 4, FALSE), 280) + N(L47) * IF(N(O47)>1, N(O47), 1) * IFERROR(VLOOKUP(H47, Relic_Price_Config!$G$5:$N$100, 5, FALSE), 10) + ABS(N(R47)) * IFERROR(VLOOKUP(H47, Relic_Price_Config!$G$5:$N$100, 6, FALSE), 15) + IF(N(S47)>1, (N(S47)-1)*10, 0)) * IFERROR(VLOOKUP(G47, Relic_Price_Config!$A$5:$E$9, 2, FALSE), 1), 0))) * 0.1) / 5, 0) * 5) -> 55 | AB47: =IF(AA47<=0, 0, ROUND((AA47*0.7)/5, 0)*5) -> 40
A48: wind_god_descent | B48: SK_CMN_035 | C48: 풍신강림 | D48: Fighter | E48: Personal | F48: Special | G48: Deep | H48: BraveSelf | I48: Self | J48: 0 | K48: 1 | L48: 0 | N48: 0 | O48: 1 | P48: 0 | Q48: Brave | R48: 3 | S48: -1 | T48: 0 | Y48: 바람의 투기를 전신에 둘러 전투 종료 시까지 자신의 공격을 3 증가시킨다. | Z48: 몬스터 방 처치 보상 풀 (심층 - 질풍신각) | AA48: =IF(OR(D48="Monster", E48="Basic"), 0, ROUND((MIN(IFERROR(VLOOKUP(G48, Relic_Price_Config!$A$5:$E$9, 4, FALSE), 350), MAX(IFERROR(VLOOKUP(G48, Relic_Price_Config!$A$5:$E$9, 3, FALSE), 210), ROUND((IFERROR(VLOOKUP(H48, Relic_Price_Config!$G$5:$N$100, 4, FALSE), 280) + N(L48) * IF(N(O48)>1, N(O48), 1) * IFERROR(VLOOKUP(H48, Relic_Price_Config!$G$5:$N$100, 5, FALSE), 10) + ABS(N(R48)) * IFERROR(VLOOKUP(H48, Relic_Price_Config!$G$5:$N$100, 6, FALSE), 15) + IF(N(S48)>1, (N(S48)-1)*10, 0)) * IFERROR(VLOOKUP(G48, Relic_Price_Config!$A$5:$E$9, 2, FALSE), 1), 0))) * 0.1) / 5, 0) * 5) -> 70 | AB48: =IF(AA48<=0, 0, ROUND((AA48*0.7)/5, 0)*5) -> 50
A49: shadowless_divine_step | B49: SK_CMN_036 | C49: 무영신행 | D49: Fighter | E49: Personal | F49: Defense | G49: Deep | H49: ShieldSelfEvasion | I49: Self | J49: 0 | K49: 1 | L49: 15 | M49: DEF | N49: 1 | O49: 1 | P49: 0 | Q49: Evasion | R49: 2 | S49: 2 | T49: 0 | Y49: 그림자조차 남기지 않는 신법으로 자신에게 (15+방어)의 보호막을 생성하고, 2사이클 동안 회피가 2 증가하는 민첩을 부여한다. | Z49: 몬스터 방 처치 보상 풀 (심층 - 질풍신각) | AA49: =IF(OR(D49="Monster", E49="Basic"), 0, ROUND((MIN(IFERROR(VLOOKUP(G49, Relic_Price_Config!$A$5:$E$9, 4, FALSE), 350), MAX(IFERROR(VLOOKUP(G49, Relic_Price_Config!$A$5:$E$9, 3, FALSE), 210), ROUND((IFERROR(VLOOKUP(H49, Relic_Price_Config!$G$5:$N$100, 4, FALSE), 280) + N(L49) * IF(N(O49)>1, N(O49), 1) * IFERROR(VLOOKUP(H49, Relic_Price_Config!$G$5:$N$100, 5, FALSE), 10) + ABS(N(R49)) * IFERROR(VLOOKUP(H49, Relic_Price_Config!$G$5:$N$100, 6, FALSE), 15) + IF(N(S49)>1, (N(S49)-1)*10, 0)) * IFERROR(VLOOKUP(G49, Relic_Price_Config!$A$5:$E$9, 2, FALSE), 1), 0))) * 0.1) / 5, 0) * 5) -> 70 | AB49: =IF(AA49<=0, 0, ROUND((AA49*0.7)/5, 0)*5) -> 50
A50: shadowless_penta_kick | B50: SK_CMN_037 | C50: 무영오연각 | D50: Fighter | E50: Personal | F50: Attack | G50: Deep | H50: HitEnemyMulti | I50: SingleEnemy | J50: 0 | K50: 1 | L50: 5 | M50: ATK | N50: 1 | O50: 5 | P50: 0 | R50: 0 | S50: 0 | T50: 0 | Y50: 잔상을 남기는 5연속 발차기로 적 1명에게 (5+공격)의 피해를 5회 입힌다. | Z50: 몬스터 방 처치 보상 풀 (심층 - 질풍신각) | AA50: =IF(OR(D50="Monster", E50="Basic"), 0, ROUND((MIN(IFERROR(VLOOKUP(G50, Relic_Price_Config!$A$5:$E$9, 4, FALSE), 350), MAX(IFERROR(VLOOKUP(G50, Relic_Price_Config!$A$5:$E$9, 3, FALSE), 210), ROUND((IFERROR(VLOOKUP(H50, Relic_Price_Config!$G$5:$N$100, 4, FALSE), 280) + N(L50) * IF(N(O50)>1, N(O50), 1) * IFERROR(VLOOKUP(H50, Relic_Price_Config!$G$5:$N$100, 5, FALSE), 10) + ABS(N(R50)) * IFERROR(VLOOKUP(H50, Relic_Price_Config!$G$5:$N$100, 6, FALSE), 15) + IF(N(S50)>1, (N(S50)-1)*10, 0)) * IFERROR(VLOOKUP(G50, Relic_Price_Config!$A$5:$E$9, 2, FALSE), 1), 0))) * 0.1) / 5, 0) * 5) -> 70 | AB50: =IF(AA50<=0, 0, ROUND((AA50*0.7)/5, 0)*5) -> 50
A51: diamond_fist | B51: SK_CMN_038 | C51: 금강권 | D51: Fighter | E51: Personal | F51: Attack | G51: Deep | H51: HitAllEnemiesLavaAll | I51: AllEnemies | J51: 0 | K51: 1 | L51: 15 | M51: ATK | N51: 1 | O51: 1 | P51: 0 | Q51: Lava | R51: 2 | S51: 2 | T51: 0 | Y51: 대지를 울리는 금강권으로 적 전체에게 (15+공격)의 피해를 입히고, 2사이클 동안 방어가 2 하락하는 허점(용암)을 부여한다. | Z51: 몬스터 방 처치 보상 풀 (심층 - 파천금강권) | AA51: =IF(OR(D51="Monster", E51="Basic"), 0, ROUND((MIN(IFERROR(VLOOKUP(G51, Relic_Price_Config!$A$5:$E$9, 4, FALSE), 350), MAX(IFERROR(VLOOKUP(G51, Relic_Price_Config!$A$5:$E$9, 3, FALSE), 210), ROUND((IFERROR(VLOOKUP(H51, Relic_Price_Config!$G$5:$N$100, 4, FALSE), 280) + N(L51) * IF(N(O51)>1, N(O51), 1) * IFERROR(VLOOKUP(H51, Relic_Price_Config!$G$5:$N$100, 5, FALSE), 10) + ABS(N(R51)) * IFERROR(VLOOKUP(H51, Relic_Price_Config!$G$5:$N$100, 6, FALSE), 15) + IF(N(S51)>1, (N(S51)-1)*10, 0)) * IFERROR(VLOOKUP(G51, Relic_Price_Config!$A$5:$E$9, 2, FALSE), 1), 0))) * 0.1) / 5, 0) * 5) -> 70 | AB51: =IF(AA51<=0, 0, ROUND((AA51*0.7)/5, 0)*5) -> 50
A52: immovable_mountain | B52: SK_CMN_039 | C52: 태산불동 | D52: Fighter | E52: Personal | F52: Defense | G52: Deep | H52: ShieldSelfIronWall | I52: Self | J52: 0 | K52: 1 | L52: 20 | M52: DEF | N52: 1 | O52: 1 | P52: 0 | Q52: IronWall | R52: 3 | S52: 2 | T52: 0 | Y52: 태산처럼 흔들리지 않는 자세로 자신에게 (20+방어)의 보호막을 생성하고, 2사이클 동안 받는 피해가 3 감소하는 철벽을 부여한다. | Z52: 몬스터 방 처치 보상 풀 (심층 - 파천금강권) | AA52: =IF(OR(D52="Monster", E52="Basic"), 0, ROUND((MIN(IFERROR(VLOOKUP(G52, Relic_Price_Config!$A$5:$E$9, 4, FALSE), 350), MAX(IFERROR(VLOOKUP(G52, Relic_Price_Config!$A$5:$E$9, 3, FALSE), 210), ROUND((IFERROR(VLOOKUP(H52, Relic_Price_Config!$G$5:$N$100, 4, FALSE), 280) + N(L52) * IF(N(O52)>1, N(O52), 1) * IFERROR(VLOOKUP(H52, Relic_Price_Config!$G$5:$N$100, 5, FALSE), 10) + ABS(N(R52)) * IFERROR(VLOOKUP(H52, Relic_Price_Config!$G$5:$N$100, 6, FALSE), 15) + IF(N(S52)>1, (N(S52)-1)*10, 0)) * IFERROR(VLOOKUP(G52, Relic_Price_Config!$A$5:$E$9, 2, FALSE), 1), 0))) * 0.1) / 5, 0) * 5) -> 70 | AB52: =IF(AA52<=0, 0, ROUND((AA52*0.7)/5, 0)*5) -> 50
A53: overlord_invincible_fist | B53: SK_CMN_040 | C53: 패왕무적권 | D53: Fighter | E53: Personal | F53: Attack | G53: Deep | H53: HitEnemyShieldMetal | I53: SingleEnemy | J53: 0 | K53: 1 | L53: 17 | M53: ATK | N53: 1 | O53: 1 | P53: 12 | Q53: Metal | R53: 1 | S53: 1 | T53: 0 | Y53: 패왕의 권세로 적 1명에게 (17+공격)의 피해를 입히고 (12+방어)의 보호막을 얻은 뒤, 1사이클 동안 받는 피해가 1로 고정되는 강철을 부여한다. | Z53: 몬스터 방 처치 보상 풀 (심층 - 파천금강권), SecondaryValue = 획득 보호막 수치 | AA53: =IF(OR(D53="Monster", E53="Basic"), 0, ROUND((MIN(IFERROR(VLOOKUP(G53, Relic_Price_Config!$A$5:$E$9, 4, FALSE), 350), MAX(IFERROR(VLOOKUP(G53, Relic_Price_Config!$A$5:$E$9, 3, FALSE), 210), ROUND((IFERROR(VLOOKUP(H53, Relic_Price_Config!$G$5:$N$100, 4, FALSE), 280) + N(L53) * IF(N(O53)>1, N(O53), 1) * IFERROR(VLOOKUP(H53, Relic_Price_Config!$G$5:$N$100, 5, FALSE), 10) + ABS(N(R53)) * IFERROR(VLOOKUP(H53, Relic_Price_Config!$G$5:$N$100, 6, FALSE), 15) + IF(N(S53)>1, (N(S53)-1)*10, 0)) * IFERROR(VLOOKUP(G53, Relic_Price_Config!$A$5:$E$9, 2, FALSE), 1), 0))) * 0.1) / 5, 0) * 5) -> 70 | AB53: =IF(AA53<=0, 0, ROUND((AA53*0.7)/5, 0)*5) -> 50
A54: state_of_anatman | B54: SK_CMN_041 | C54: 무아지경 | D54: Fighter | E54: Personal | F54: Special | G54: Deep | H54: GainEnergyIndomitableSelf | I54: Self | J54: 0 | K54: 1 | L54: 1 | N54: 0 | O54: 1 | P54: 0 | Q54: Indomitable | R54: 1 | S54: 2 | T54: 0 | Y54: 무아의 경지에 도달하여 즉시 행동 에너지를 1 회복하고, 2사이클 동안 자신이 받는 모든 피해가 1로 고정되는 불굴을 부여한다. | Z54: 몬스터 방 처치 보상 풀 (심층 - 태극유수권) | AA54: =IF(OR(D54="Monster", E54="Basic"), 0, ROUND((MIN(IFERROR(VLOOKUP(G54, Relic_Price_Config!$A$5:$E$9, 4, FALSE), 350), MAX(IFERROR(VLOOKUP(G54, Relic_Price_Config!$A$5:$E$9, 3, FALSE), 210), ROUND((IFERROR(VLOOKUP(H54, Relic_Price_Config!$G$5:$N$100, 4, FALSE), 280) + N(L54) * IF(N(O54)>1, N(O54), 1) * IFERROR(VLOOKUP(H54, Relic_Price_Config!$G$5:$N$100, 5, FALSE), 10) + ABS(N(R54)) * IFERROR(VLOOKUP(H54, Relic_Price_Config!$G$5:$N$100, 6, FALSE), 15) + IF(N(S54)>1, (N(S54)-1)*10, 0)) * IFERROR(VLOOKUP(G54, Relic_Price_Config!$A$5:$E$9, 2, FALSE), 1), 0))) * 0.1) / 5, 0) * 5) -> 70 | AB54: =IF(AA54<=0, 0, ROUND((AA54*0.7)/5, 0)*5) -> 50
A55: heaven_earth_circulation | B55: SK_CMN_042 | C55: 천지순환장 | D55: Fighter | E55: Personal | F55: Attack | G55: Deep | H55: HitAllEnemiesHealSelf | I55: AllEnemies | J55: 0 | K55: 1 | L55: 16 | M55: ATK | N55: 1 | O55: 1 | P55: 10 | R55: 0 | S55: 0 | T55: 0 | Y55: 천지의 기운을 순환시키는 장법으로 적 전체에게 (16+공격)의 피해를 입히고, 자신의 체력을 (10+방어)만큼 회복한다. | Z55: 몬스터 방 처치 보상 풀 (심층 - 태극유수권), SecondaryValue = 자가 회복량 | AA55: =IF(OR(D55="Monster", E55="Basic"), 0, ROUND((MIN(IFERROR(VLOOKUP(G55, Relic_Price_Config!$A$5:$E$9, 4, FALSE), 350), MAX(IFERROR(VLOOKUP(G55, Relic_Price_Config!$A$5:$E$9, 3, FALSE), 210), ROUND((IFERROR(VLOOKUP(H55, Relic_Price_Config!$G$5:$N$100, 4, FALSE), 280) + N(L55) * IF(N(O55)>1, N(O55), 1) * IFERROR(VLOOKUP(H55, Relic_Price_Config!$G$5:$N$100, 5, FALSE), 10) + ABS(N(R55)) * IFERROR(VLOOKUP(H55, Relic_Price_Config!$G$5:$N$100, 6, FALSE), 15) + IF(N(S55)>1, (N(S55)-1)*10, 0)) * IFERROR(VLOOKUP(G55, Relic_Price_Config!$A$5:$E$9, 2, FALSE), 1), 0))) * 0.1) / 5, 0) * 5) -> 70 | AB55: =IF(AA55<=0, 0, ROUND((AA55*0.7)/5, 0)*5) -> 50
A56: calming_waves_barrier | B56: SK_CMN_043 | C56: 만파식적 | D56: Fighter | E56: Personal | F56: Defense | G56: Deep | H56: ShieldSelfAbsorption | I56: Self | J56: 0 | K56: 1 | L56: 16 | M56: DEF | N56: 1 | O56: 1 | P56: 0 | Q56: Absorption | R56: 30 | S56: 2 | T56: 0 | Y56: 거센 파도를 잠재우는 기공으로 자신에게 (16+방어)의 보호막을 생성하고, 2사이클 동안 피격 시 받은 피해의 30%를 회복하는 흡수를 부여한다. | Z56: 몬스터 방 처치 보상 풀 (심층 - 태극유수권) | AA56: =IF(OR(D56="Monster", E56="Basic"), 0, ROUND((MIN(IFERROR(VLOOKUP(G56, Relic_Price_Config!$A$5:$E$9, 4, FALSE), 350), MAX(IFERROR(VLOOKUP(G56, Relic_Price_Config!$A$5:$E$9, 3, FALSE), 210), ROUND((IFERROR(VLOOKUP(H56, Relic_Price_Config!$G$5:$N$100, 4, FALSE), 280) + N(L56) * IF(N(O56)>1, N(O56), 1) * IFERROR(VLOOKUP(H56, Relic_Price_Config!$G$5:$N$100, 5, FALSE), 10) + ABS(N(R56)) * IFERROR(VLOOKUP(H56, Relic_Price_Config!$G$5:$N$100, 6, FALSE), 15) + IF(N(S56)>1, (N(S56)-1)*10, 0)) * IFERROR(VLOOKUP(G56, Relic_Price_Config!$A$5:$E$9, 2, FALSE), 1), 0))) * 0.1) / 5, 0) * 5) -> 70 | AB56: =IF(AA56<=0, 0, ROUND((AA56*0.7)/5, 0)*5) -> 50
A57: mirror_of_serenity | B57: SK_CMN_044 | C57: 명경지수 | D57: Fighter | E57: Personal | F57: Defense | G57: Deep | H57: ShieldSelfCounter | I57: Self | J57: 0 | K57: 1 | L57: 16 | M57: DEF | N57: 1 | O57: 1 | P57: 6 | Q57: Counter | R57: 1 | S57: 2 | T57: 0 | Y57: 고요한 거울 같은 심법으로 자신에게 (16+방어)의 보호막을 생성하고, 2사이클 동안 (6+방어)의 피해를 돌려주는 반격을 부여한다. | Z57: 몬스터 방 처치 보상 풀 (심층 - 태극유수권), SecondaryValue = 반격 기본 데미지 | AA57: =IF(OR(D57="Monster", E57="Basic"), 0, ROUND((MIN(IFERROR(VLOOKUP(G57, Relic_Price_Config!$A$5:$E$9, 4, FALSE), 350), MAX(IFERROR(VLOOKUP(G57, Relic_Price_Config!$A$5:$E$9, 3, FALSE), 210), ROUND((IFERROR(VLOOKUP(H57, Relic_Price_Config!$G$5:$N$100, 4, FALSE), 280) + N(L57) * IF(N(O57)>1, N(O57), 1) * IFERROR(VLOOKUP(H57, Relic_Price_Config!$G$5:$N$100, 5, FALSE), 10) + ABS(N(R57)) * IFERROR(VLOOKUP(H57, Relic_Price_Config!$G$5:$N$100, 6, FALSE), 15) + IF(N(S57)>1, (N(S57)-1)*10, 0)) * IFERROR(VLOOKUP(G57, Relic_Price_Config!$A$5:$E$9, 2, FALSE), 1), 0))) * 0.1) / 5, 0) * 5) -> 70 | AB57: =IF(AA57<=0, 0, ROUND((AA57*0.7)/5, 0)*5) -> 50
A58: myriad_lightning_acupoint | B58: SK_CMN_045 | C58: 뇌전만천혈 | D58: Fighter | E58: Personal | F58: Attack | G58: Deep | H58: HitAllEnemiesMark | I58: AllEnemies | J58: 0 | K58: 1 | L58: 14 | M58: ATK | N58: 1 | O58: 1 | P58: 0 | Q58: Mark | R58: 1 | S58: 2 | T58: 0 | Y58: 만천의 혈도를 뇌전으로 꿰뚫어 적 전체에게 (14+공격)의 피해를 입히고, 2사이클 동안 급소를 부여한다. | Z58: 몬스터 방 처치 보상 풀 (심층 - 뇌전점혈수) | AA58: =IF(OR(D58="Monster", E58="Basic"), 0, ROUND((MIN(IFERROR(VLOOKUP(G58, Relic_Price_Config!$A$5:$E$9, 4, FALSE), 350), MAX(IFERROR(VLOOKUP(G58, Relic_Price_Config!$A$5:$E$9, 3, FALSE), 210), ROUND((IFERROR(VLOOKUP(H58, Relic_Price_Config!$G$5:$N$100, 4, FALSE), 280) + N(L58) * IF(N(O58)>1, N(O58), 1) * IFERROR(VLOOKUP(H58, Relic_Price_Config!$G$5:$N$100, 5, FALSE), 10) + ABS(N(R58)) * IFERROR(VLOOKUP(H58, Relic_Price_Config!$G$5:$N$100, 6, FALSE), 15) + IF(N(S58)>1, (N(S58)-1)*10, 0)) * IFERROR(VLOOKUP(G58, Relic_Price_Config!$A$5:$E$9, 2, FALSE), 1), 0))) * 0.1) / 5, 0) * 5) -> 70 | AB58: =IF(AA58<=0, 0, ROUND((AA58*0.7)/5, 0)*5) -> 50
A59: thunder_god_decree | B59: SK_CMN_046 | C59: 뇌신율령 | D59: Fighter | E59: Personal | F59: Attack | G59: Deep | H59: HitAllEnemiesFearAll | I59: AllEnemies | J59: 0 | K59: 1 | L59: 15 | M59: ATK | N59: 1 | O59: 1 | P59: 0 | Q59: Fear | R59: 1 | S59: 2 | T59: 0 | Y59: 뇌신의 기세를 방출하여 적 전체에게 (15+공격)의 피해를 입히고, 2사이클 동안 공포를 부여한다. | Z59: 몬스터 방 처치 보상 풀 (심층 - 뇌전점혈수) | AA59: =IF(OR(D59="Monster", E59="Basic"), 0, ROUND((MIN(IFERROR(VLOOKUP(G59, Relic_Price_Config!$A$5:$E$9, 4, FALSE), 350), MAX(IFERROR(VLOOKUP(G59, Relic_Price_Config!$A$5:$E$9, 3, FALSE), 210), ROUND((IFERROR(VLOOKUP(H59, Relic_Price_Config!$G$5:$N$100, 4, FALSE), 280) + N(L59) * IF(N(O59)>1, N(O59), 1) * IFERROR(VLOOKUP(H59, Relic_Price_Config!$G$5:$N$100, 5, FALSE), 10) + ABS(N(R59)) * IFERROR(VLOOKUP(H59, Relic_Price_Config!$G$5:$N$100, 6, FALSE), 15) + IF(N(S59)>1, (N(S59)-1)*10, 0)) * IFERROR(VLOOKUP(G59, Relic_Price_Config!$A$5:$E$9, 2, FALSE), 1), 0))) * 0.1) / 5, 0) * 5) -> 70 | AB59: =IF(AA59<=0, 0, ROUND((AA59*0.7)/5, 0)*5) -> 50
A60: five_organs_rupture | B60: SK_CMN_047 | C60: 격산타우 | D60: Fighter | E60: Personal | F60: Attack | G60: Deep | H60: HitAllEnemiesInternalInjuryAll | I60: AllEnemies | J60: 0 | K60: 1 | L60: 16 | M60: ATK | N60: 1 | O60: 1 | P60: 0 | Q60: InternalInjury | R60: 4 | S60: 2 | T60: 0 | Y60: 겉을 쳐서 내부를 울리는 격산타우의 내공으로 적 전체에게 (16+공격)의 피해를 입히고, 2사이클 동안 스킬 에너지 사용 시 4 피해를 입는 내상을 부여한다. | Z60: 몬스터 방 처치 보상 풀 (심층 - 뇌전점혈수) | AA60: =IF(OR(D60="Monster", E60="Basic"), 0, ROUND((MIN(IFERROR(VLOOKUP(G60, Relic_Price_Config!$A$5:$E$9, 4, FALSE), 350), MAX(IFERROR(VLOOKUP(G60, Relic_Price_Config!$A$5:$E$9, 3, FALSE), 210), ROUND((IFERROR(VLOOKUP(H60, Relic_Price_Config!$G$5:$N$100, 4, FALSE), 280) + N(L60) * IF(N(O60)>1, N(O60), 1) * IFERROR(VLOOKUP(H60, Relic_Price_Config!$G$5:$N$100, 5, FALSE), 10) + ABS(N(R60)) * IFERROR(VLOOKUP(H60, Relic_Price_Config!$G$5:$N$100, 6, FALSE), 15) + IF(N(S60)>1, (N(S60)-1)*10, 0)) * IFERROR(VLOOKUP(G60, Relic_Price_Config!$A$5:$E$9, 2, FALSE), 1), 0))) * 0.1) / 5, 0) * 5) -> 70 | AB60: =IF(AA60<=0, 0, ROUND((AA60*0.7)/5, 0)*5) -> 50
A61: descent_of_blood_god | B61: SK_CMN_048 | C61: 혈신강림 | D61: Fighter | E61: Personal | F61: Special | G61: Deep | H61: BraveSelfDmg | I61: Self | J61: 0 | K61: 1 | L61: 0 | N61: 0 | O61: 1 | P61: 0 | Q61: Brave | R61: 5 | S61: 2 | T61: 6 | Y61: 자신의 체력을 6 소모하여 혈신의 기운을 받아들이고, 2사이클 동안 자신의 공격을 5 증가시킨다. | Z61: 몬스터 방 처치 보상 풀 (심층 - 혈마광공), SelfDamage=6 | AA61: =IF(OR(D61="Monster", E61="Basic"), 0, ROUND((MIN(IFERROR(VLOOKUP(G61, Relic_Price_Config!$A$5:$E$9, 4, FALSE), 350), MAX(IFERROR(VLOOKUP(G61, Relic_Price_Config!$A$5:$E$9, 3, FALSE), 210), ROUND((IFERROR(VLOOKUP(H61, Relic_Price_Config!$G$5:$N$100, 4, FALSE), 280) + N(L61) * IF(N(O61)>1, N(O61), 1) * IFERROR(VLOOKUP(H61, Relic_Price_Config!$G$5:$N$100, 5, FALSE), 10) + ABS(N(R61)) * IFERROR(VLOOKUP(H61, Relic_Price_Config!$G$5:$N$100, 6, FALSE), 15) + IF(N(S61)>1, (N(S61)-1)*10, 0)) * IFERROR(VLOOKUP(G61, Relic_Price_Config!$A$5:$E$9, 2, FALSE), 1), 0))) * 0.1) / 5, 0) * 5) -> 70 | AB61: =IF(AA61<=0, 0, ROUND((AA61*0.7)/5, 0)*5) -> 50
A62: blood_rain_triple_strike | B62: SK_CMN_049 | C62: 혈우삼연격 | D62: Fighter | E62: Personal | F62: Attack | G62: Deep | H62: HitEnemyMultiSelfDmgDrain | I62: SingleEnemy | J62: 0 | K62: 1 | L62: 9 | M62: ATK | N62: 1 | O62: 3 | P62: 3 | Q62: SelfDamage | R62: 5 | S62: 0 | T62: 5 | Y62: 자신의 체력을 5 소모하여 핏빛 비처럼 몰아치는 3연격으로 적 1명에게 (9+공격)의 피해를 3회 입히고, 매 타격이 대상의 체력을 깎을 때마다 체력을 3 회복한다. | Z62: 몬스터 방 처치 보상 풀 (심층 - 혈마광공), SelfDamage=5, SecondaryValue=타격당 체력 타격 성공 시 고정 회복량(3, 최대 9) | AA62: =IF(OR(D62="Monster", E62="Basic"), 0, ROUND((MIN(IFERROR(VLOOKUP(G62, Relic_Price_Config!$A$5:$E$9, 4, FALSE), 350), MAX(IFERROR(VLOOKUP(G62, Relic_Price_Config!$A$5:$E$9, 3, FALSE), 210), ROUND((IFERROR(VLOOKUP(H62, Relic_Price_Config!$G$5:$N$100, 4, FALSE), 280) + N(L62) * IF(N(O62)>1, N(O62), 1) * IFERROR(VLOOKUP(H62, Relic_Price_Config!$G$5:$N$100, 5, FALSE), 10) + ABS(N(R62)) * IFERROR(VLOOKUP(H62, Relic_Price_Config!$G$5:$N$100, 6, FALSE), 15) + IF(N(S62)>1, (N(S62)-1)*10, 0)) * IFERROR(VLOOKUP(G62, Relic_Price_Config!$A$5:$E$9, 2, FALSE), 1), 0))) * 0.1) / 5, 0) * 5) -> 70 | AB62: =IF(AA62<=0, 0, ROUND((AA62*0.7)/5, 0)*5) -> 50
A63: blooming_blood_sea | B63: SK_CMN_050 | C63: 혈해만개 | D63: Fighter | E63: Personal | F63: Attack | G63: Deep | H63: HitAllSelfDmgDrain | I63: AllEnemies | J63: 0 | K63: 1 | L63: 18 | M63: ATK | N63: 1 | O63: 1 | P63: 4 | Q63: SelfDamage | R63: 6 | S63: 0 | T63: 6 | Y63: 자신의 체력을 6 소모하여 피의 바다를 펼쳐 적 전체에게 (18+공격)의 피해를 입히고, 체력을 깎은 적 1명당 체력을 4 회복한다. | Z63: 몬스터 방 처치 보상 풀 (심층 - 혈마광공), SelfDamage=6, SecondaryValue=적 1명당 체력 타격 성공 시 고정 회복량(4) | AA63: =IF(OR(D63="Monster", E63="Basic"), 0, ROUND((MIN(IFERROR(VLOOKUP(G63, Relic_Price_Config!$A$5:$E$9, 4, FALSE), 350), MAX(IFERROR(VLOOKUP(G63, Relic_Price_Config!$A$5:$E$9, 3, FALSE), 210), ROUND((IFERROR(VLOOKUP(H63, Relic_Price_Config!$G$5:$N$100, 4, FALSE), 280) + N(L63) * IF(N(O63)>1, N(O63), 1) * IFERROR(VLOOKUP(H63, Relic_Price_Config!$G$5:$N$100, 5, FALSE), 10) + ABS(N(R63)) * IFERROR(VLOOKUP(H63, Relic_Price_Config!$G$5:$N$100, 6, FALSE), 15) + IF(N(S63)>1, (N(S63)-1)*10, 0)) * IFERROR(VLOOKUP(G63, Relic_Price_Config!$A$5:$E$9, 2, FALSE), 1), 0))) * 0.1) / 5, 0) * 5) -> 70 | AB63: =IF(AA63<=0, 0, ROUND((AA63*0.7)/5, 0)*5) -> 50
A64: heavenly_demon_blood_palm | B64: SK_CMN_051 | C64: 천마멸혈장 | D64: Fighter | E64: Personal | F64: Attack | G64: Deep | H64: HitEnemySelfDmgDrain | I64: SingleEnemy | J64: 0 | K64: 1 | L64: 36 | M64: ATK | N64: 1 | O64: 1 | P64: 14 | Q64: SelfDamage | R64: 10 | S64: 0 | T64: 10 | Y64: 자신의 체력을 10 소모하여 혈기를 응축한 장법으로 적 1명에게 (36+공격)의 피해를 입히고, 대상의 체력을 깎았다면 체력을 14 회복한다. | Z64: 몬스터 방 처치 보상 풀 (심층 - 혈마광공), SelfDamage=10, SecondaryValue=체력 타격 성공 시 고정 회복량(14) | AA64: =IF(OR(D64="Monster", E64="Basic"), 0, ROUND((MIN(IFERROR(VLOOKUP(G64, Relic_Price_Config!$A$5:$E$9, 4, FALSE), 350), MAX(IFERROR(VLOOKUP(G64, Relic_Price_Config!$A$5:$E$9, 3, FALSE), 210), ROUND((IFERROR(VLOOKUP(H64, Relic_Price_Config!$G$5:$N$100, 4, FALSE), 280) + N(L64) * IF(N(O64)>1, N(O64), 1) * IFERROR(VLOOKUP(H64, Relic_Price_Config!$G$5:$N$100, 5, FALSE), 10) + ABS(N(R64)) * IFERROR(VLOOKUP(H64, Relic_Price_Config!$G$5:$N$100, 6, FALSE), 15) + IF(N(S64)>1, (N(S64)-1)*10, 0)) * IFERROR(VLOOKUP(G64, Relic_Price_Config!$A$5:$E$9, 2, FALSE), 1), 0))) * 0.1) / 5, 0) * 5) -> 70 | AB64: =IF(AA64<=0, 0, ROUND((AA64*0.7)/5, 0)*5) -> 50
A65: high_explosive_cannon | B65: SK_CMN_201 | C65: 고폭 캐논 발사 | D65: Engineer | E65: Personal | F65: Attack | G65: Surface | H65: HitEnemySingleAoe | I65: SingleEnemy | J65: 0 | K65: 1 | L65: 6 | M65: ATK | N65: 1 | O65: 1 | P65: 3 | R65: 0 | S65: 0 | T65: 0 | Y65: 고폭탄을 발사하여 적 1명에게 (6+공격)의 피해를 입히고, 적 전체에게 추가로 (3+공격)의 폭발 피해를 입힌다. | Z65: 몬스터 방 처치 보상 풀 (표층 - 마도 캐논), SecondaryValue=광역 피해 계수(3) | AA65: =IF(OR(D65="Monster", E65="Basic"), 0, ROUND((MIN(IFERROR(VLOOKUP(G65, Relic_Price_Config!$A$5:$E$9, 4, FALSE), 350), MAX(IFERROR(VLOOKUP(G65, Relic_Price_Config!$A$5:$E$9, 3, FALSE), 210), ROUND((IFERROR(VLOOKUP(H65, Relic_Price_Config!$G$5:$N$100, 4, FALSE), 280) + N(L65) * IF(N(O65)>1, N(O65), 1) * IFERROR(VLOOKUP(H65, Relic_Price_Config!$G$5:$N$100, 5, FALSE), 10) + ABS(N(R65)) * IFERROR(VLOOKUP(H65, Relic_Price_Config!$G$5:$N$100, 6, FALSE), 15) + IF(N(S65)>1, (N(S65)-1)*10, 0)) * IFERROR(VLOOKUP(G65, Relic_Price_Config!$A$5:$E$9, 2, FALSE), 1), 0))) * 0.1) / 5, 0) * 5) -> 30 | AB65: =IF(AA65<=0, 0, ROUND((AA65*0.7)/5, 0)*5) -> 20
A66: armor_piercing_shell | B66: SK_CMN_202 | C66: 철갑 관통포 | D66: Engineer | E66: Personal | F66: Attack | G66: Surface | H66: HitEnemySingleAoeLava | I66: SingleEnemy | J66: 0 | K66: 1 | L66: 5 | M66: ATK | N66: 1 | O66: 1 | P66: 2 | Q66: Lava | R66: 1 | S66: 1 | T66: 0 | Y66: 철갑탄을 발사하여 적 1명에게 (5+공격)의 피해와 1사이클 동안 허점(용암) 1을 부여하고, 적 전체에게 추가로 (2+공격)의 피해를 입힌다. | Z66: 몬스터 방 처치 보상 풀 (표층 - 마도 캐논), SecondaryValue=광역 피해 계수(2) | AA66: =IF(OR(D66="Monster", E66="Basic"), 0, ROUND((MIN(IFERROR(VLOOKUP(G66, Relic_Price_Config!$A$5:$E$9, 4, FALSE), 350), MAX(IFERROR(VLOOKUP(G66, Relic_Price_Config!$A$5:$E$9, 3, FALSE), 210), ROUND((IFERROR(VLOOKUP(H66, Relic_Price_Config!$G$5:$N$100, 4, FALSE), 280) + N(L66) * IF(N(O66)>1, N(O66), 1) * IFERROR(VLOOKUP(H66, Relic_Price_Config!$G$5:$N$100, 5, FALSE), 10) + ABS(N(R66)) * IFERROR(VLOOKUP(H66, Relic_Price_Config!$G$5:$N$100, 6, FALSE), 15) + IF(N(S66)>1, (N(S66)-1)*10, 0)) * IFERROR(VLOOKUP(G66, Relic_Price_Config!$A$5:$E$9, 2, FALSE), 1), 0))) * 0.1) / 5, 0) * 5) -> 30 | AB66: =IF(AA66<=0, 0, ROUND((AA66*0.7)/5, 0)*5) -> 20
A67: recoil_absorption_shot | B67: SK_CMN_203 | C67: 반동 제어 사격 | D67: Engineer | E67: Personal | F67: Attack | G67: Surface | H67: HitEnemyShield | I67: SingleEnemy | J67: 0 | K67: 1 | L67: 6 | M67: ATK | N67: 1 | O67: 1 | P67: 3 | R67: 0 | S67: 0 | T67: 0 | Y67: 포격 반동을 방어 에너지로 전환하여 적 1명에게 (6+공격)의 피해를 입히고, 자신에게 (3+방어)의 보호막을 생성한다. | Z67: 몬스터 방 처치 보상 풀 (표층 - 마도 캐논), SecondaryValue=획득 보호막 수치(3) | AA67: =IF(OR(D67="Monster", E67="Basic"), 0, ROUND((MIN(IFERROR(VLOOKUP(G67, Relic_Price_Config!$A$5:$E$9, 4, FALSE), 350), MAX(IFERROR(VLOOKUP(G67, Relic_Price_Config!$A$5:$E$9, 3, FALSE), 210), ROUND((IFERROR(VLOOKUP(H67, Relic_Price_Config!$G$5:$N$100, 4, FALSE), 280) + N(L67) * IF(N(O67)>1, N(O67), 1) * IFERROR(VLOOKUP(H67, Relic_Price_Config!$G$5:$N$100, 5, FALSE), 10) + ABS(N(R67)) * IFERROR(VLOOKUP(H67, Relic_Price_Config!$G$5:$N$100, 6, FALSE), 15) + IF(N(S67)>1, (N(S67)-1)*10, 0)) * IFERROR(VLOOKUP(G67, Relic_Price_Config!$A$5:$E$9, 2, FALSE), 1), 0))) * 0.1) / 5, 0) * 5) -> 30 | AB67: =IF(AA67<=0, 0, ROUND((AA67*0.7)/5, 0)*5) -> 20
A68: cluster_grenade | B68: SK_CMN_204 | C68: 확산 세열탄 | D68: Engineer | E68: Personal | F68: Attack | G68: Surface | H68: HitAllEnemiesMulti | I68: AllEnemies | J68: 0 | K68: 1 | L68: 3 | M68: ATK | N68: 1 | O68: 2 | P68: 0 | R68: 0 | S68: 0 | T68: 0 | Y68: 세열 파편이 퍼지는 폭탄을 투척하여 적 전체에게 (3+공격)의 피해를 2회 입힌다. | Z68: 몬스터 방 처치 보상 풀 (표층 - 마도 폭탄) | AA68: =IF(OR(D68="Monster", E68="Basic"), 0, ROUND((MIN(IFERROR(VLOOKUP(G68, Relic_Price_Config!$A$5:$E$9, 4, FALSE), 350), MAX(IFERROR(VLOOKUP(G68, Relic_Price_Config!$A$5:$E$9, 3, FALSE), 210), ROUND((IFERROR(VLOOKUP(H68, Relic_Price_Config!$G$5:$N$100, 4, FALSE), 280) + N(L68) * IF(N(O68)>1, N(O68), 1) * IFERROR(VLOOKUP(H68, Relic_Price_Config!$G$5:$N$100, 5, FALSE), 10) + ABS(N(R68)) * IFERROR(VLOOKUP(H68, Relic_Price_Config!$G$5:$N$100, 6, FALSE), 15) + IF(N(S68)>1, (N(S68)-1)*10, 0)) * IFERROR(VLOOKUP(G68, Relic_Price_Config!$A$5:$E$9, 2, FALSE), 1), 0))) * 0.1) / 5, 0) * 5) -> 30 | AB68: =IF(AA68<=0, 0, ROUND((AA68*0.7)/5, 0)*5) -> 20
A69: napalm_bomb | B69: SK_CMN_205 | C69: 소이 폭탄 투척 | D69: Engineer | E69: Personal | F69: Attack | G69: Surface | H69: HitAllEnemiesLavaAll | I69: AllEnemies | J69: 0 | K69: 1 | L69: 4 | M69: ATK | N69: 1 | O69: 1 | P69: 0 | Q69: Lava | R69: 1 | S69: 1 | T69: 0 | Y69: 소이탄을 투척하여 적 전체에게 (4+공격)의 피해를 입히고, 1사이클 동안 방어가 1 하락하는 허점(용암)을 부여한다. | Z69: 몬스터 방 처치 보상 풀 (표층 - 마도 폭탄) | AA69: =IF(OR(D69="Monster", E69="Basic"), 0, ROUND((MIN(IFERROR(VLOOKUP(G69, Relic_Price_Config!$A$5:$E$9, 4, FALSE), 350), MAX(IFERROR(VLOOKUP(G69, Relic_Price_Config!$A$5:$E$9, 3, FALSE), 210), ROUND((IFERROR(VLOOKUP(H69, Relic_Price_Config!$G$5:$N$100, 4, FALSE), 280) + N(L69) * IF(N(O69)>1, N(O69), 1) * IFERROR(VLOOKUP(H69, Relic_Price_Config!$G$5:$N$100, 5, FALSE), 10) + ABS(N(R69)) * IFERROR(VLOOKUP(H69, Relic_Price_Config!$G$5:$N$100, 6, FALSE), 15) + IF(N(S69)>1, (N(S69)-1)*10, 0)) * IFERROR(VLOOKUP(G69, Relic_Price_Config!$A$5:$E$9, 2, FALSE), 1), 0))) * 0.1) / 5, 0) * 5) -> 30 | AB69: =IF(AA69<=0, 0, ROUND((AA69*0.7)/5, 0)*5) -> 20
A70: cryo_gas_bomb | B70: SK_CMN_206 | C70: 냉각 가스탄 | D70: Engineer | E70: Personal | F70: Attack | G70: Surface | H70: HitAllEnemiesIceAll | I70: AllEnemies | J70: 0 | K70: 1 | L70: 4 | M70: ATK | N70: 1 | O70: 1 | P70: 0 | Q70: Ice | R70: 1 | S70: 1 | T70: 0 | Y70: 냉각 가스탄을 터뜨려 적 전체에게 (4+공격)의 피해를 입히고, 1사이클 동안 공격이 1 하락하는 허약(얼음)을 부여한다. | Z70: 몬스터 방 처치 보상 풀 (표층 - 마도 폭탄) | AA70: =IF(OR(D70="Monster", E70="Basic"), 0, ROUND((MIN(IFERROR(VLOOKUP(G70, Relic_Price_Config!$A$5:$E$9, 4, FALSE), 350), MAX(IFERROR(VLOOKUP(G70, Relic_Price_Config!$A$5:$E$9, 3, FALSE), 210), ROUND((IFERROR(VLOOKUP(H70, Relic_Price_Config!$G$5:$N$100, 4, FALSE), 280) + N(L70) * IF(N(O70)>1, N(O70), 1) * IFERROR(VLOOKUP(H70, Relic_Price_Config!$G$5:$N$100, 5, FALSE), 10) + ABS(N(R70)) * IFERROR(VLOOKUP(H70, Relic_Price_Config!$G$5:$N$100, 6, FALSE), 15) + IF(N(S70)>1, (N(S70)-1)*10, 0)) * IFERROR(VLOOKUP(G70, Relic_Price_Config!$A$5:$E$9, 2, FALSE), 1), 0))) * 0.1) / 5, 0) * 5) -> 30 | AB70: =IF(AA70<=0, 0, ROUND((AA70*0.7)/5, 0)*5) -> 20
A71: target_lock_beam | B71: SK_CMN_207 | C71: 타겟팅 레이저 | D71: Engineer | E71: Personal | F71: Special | G71: Surface | H71: StatusMarkAll | I71: AllEnemies | J71: 0 | K71: 1 | L71: 0 | N71: 0 | O71: 1 | P71: 0 | Q71: Mark | R71: 1 | S71: 1 | T71: 0 | Y71: 표적 조준 레이저를 비추어 1사이클 동안 적 전체에게 급소를 부여한다. | Z71: 몬스터 방 처치 보상 풀 (표층 - 마도 역장) | AA71: =IF(OR(D71="Monster", E71="Basic"), 0, ROUND((MIN(IFERROR(VLOOKUP(G71, Relic_Price_Config!$A$5:$E$9, 4, FALSE), 350), MAX(IFERROR(VLOOKUP(G71, Relic_Price_Config!$A$5:$E$9, 3, FALSE), 210), ROUND((IFERROR(VLOOKUP(H71, Relic_Price_Config!$G$5:$N$100, 4, FALSE), 280) + N(L71) * IF(N(O71)>1, N(O71), 1) * IFERROR(VLOOKUP(H71, Relic_Price_Config!$G$5:$N$100, 5, FALSE), 10) + ABS(N(R71)) * IFERROR(VLOOKUP(H71, Relic_Price_Config!$G$5:$N$100, 6, FALSE), 15) + IF(N(S71)>1, (N(S71)-1)*10, 0)) * IFERROR(VLOOKUP(G71, Relic_Price_Config!$A$5:$E$9, 2, FALSE), 1), 0))) * 0.1) / 5, 0) * 5) -> 30 | AB71: =IF(AA71<=0, 0, ROUND((AA71*0.7)/5, 0)*5) -> 20
A72: gravity_jammer | B72: SK_CMN_208 | C72: 중력 교란장 | D72: Engineer | E72: Personal | F72: Special | G72: Surface | H72: StatusAcidAll | I72: AllEnemies | J72: 0 | K72: 1 | L72: 0 | N72: 0 | O72: 1 | P72: 0 | Q72: Acid | R72: 1 | S72: 1 | T72: 0 | Y72: 중력 교란 역장을 전개하여 1사이클 동안 적 전체에게 과욕(산성) 1을 부여한다. | Z72: 몬스터 방 처치 보상 풀 (표층 - 마도 역장) | AA72: =IF(OR(D72="Monster", E72="Basic"), 0, ROUND((MIN(IFERROR(VLOOKUP(G72, Relic_Price_Config!$A$5:$E$9, 4, FALSE), 350), MAX(IFERROR(VLOOKUP(G72, Relic_Price_Config!$A$5:$E$9, 3, FALSE), 210), ROUND((IFERROR(VLOOKUP(H72, Relic_Price_Config!$G$5:$N$100, 4, FALSE), 280) + N(L72) * IF(N(O72)>1, N(O72), 1) * IFERROR(VLOOKUP(H72, Relic_Price_Config!$G$5:$N$100, 5, FALSE), 10) + ABS(N(R72)) * IFERROR(VLOOKUP(H72, Relic_Price_Config!$G$5:$N$100, 6, FALSE), 15) + IF(N(S72)>1, (N(S72)-1)*10, 0)) * IFERROR(VLOOKUP(G72, Relic_Price_Config!$A$5:$E$9, 2, FALSE), 1), 0))) * 0.1) / 5, 0) * 5) -> 30 | AB72: =IF(AA72<=0, 0, ROUND((AA72*0.7)/5, 0)*5) -> 20
A73: electromagnetic_barrier | B73: SK_CMN_209 | C73: 전자기 방어막 | D73: Engineer | E73: Personal | F73: Defense | G73: Surface | H73: ShieldSelfCounter | I73: Self | J73: 0 | K73: 1 | L73: 5 | M73: DEF | N73: 1 | O73: 1 | P73: 2 | Q73: Counter | R73: 1 | S73: 1 | T73: 0 | Y73: 전자기 방어막을 둘러 자신에게 (5+방어)의 보호막을 생성하고, 1사이클 동안 피격 시 (2+방어)의 전류 피해를 돌려주는 반격을 부여한다. | Z73: 몬스터 방 처치 보상 풀 (표층 - 마도 역장), SecondaryValue=반격 기본 데미지(2) | AA73: =IF(OR(D73="Monster", E73="Basic"), 0, ROUND((MIN(IFERROR(VLOOKUP(G73, Relic_Price_Config!$A$5:$E$9, 4, FALSE), 350), MAX(IFERROR(VLOOKUP(G73, Relic_Price_Config!$A$5:$E$9, 3, FALSE), 210), ROUND((IFERROR(VLOOKUP(H73, Relic_Price_Config!$G$5:$N$100, 4, FALSE), 280) + N(L73) * IF(N(O73)>1, N(O73), 1) * IFERROR(VLOOKUP(H73, Relic_Price_Config!$G$5:$N$100, 5, FALSE), 10) + ABS(N(R73)) * IFERROR(VLOOKUP(H73, Relic_Price_Config!$G$5:$N$100, 6, FALSE), 15) + IF(N(S73)>1, (N(S73)-1)*10, 0)) * IFERROR(VLOOKUP(G73, Relic_Price_Config!$A$5:$E$9, 2, FALSE), 1), 0))) * 0.1) / 5, 0) * 5) -> 30 | AB73: =IF(AA73<=0, 0, ROUND((AA73*0.7)/5, 0)*5) -> 20
A74: mana_battery_charge | B74: SK_CMN_210 | C74: 마력 배터리 충전 | D74: Engineer | E74: Personal | F74: Special | G74: Surface | H74: GainEnergy | I74: Self | J74: 0 | K74: 1 | L74: 1 | N74: 0 | O74: 1 | P74: 0 | R74: 0 | S74: 0 | T74: 0 | Y74: 예비 마력 배터리를 가동하여 즉시 행동 에너지를 1 회복한다. | Z74: 몬스터 방 처치 보상 풀 (표층 - 마도 코어) | AA74: =IF(OR(D74="Monster", E74="Basic"), 0, ROUND((MIN(IFERROR(VLOOKUP(G74, Relic_Price_Config!$A$5:$E$9, 4, FALSE), 350), MAX(IFERROR(VLOOKUP(G74, Relic_Price_Config!$A$5:$E$9, 3, FALSE), 210), ROUND((IFERROR(VLOOKUP(H74, Relic_Price_Config!$G$5:$N$100, 4, FALSE), 280) + N(L74) * IF(N(O74)>1, N(O74), 1) * IFERROR(VLOOKUP(H74, Relic_Price_Config!$G$5:$N$100, 5, FALSE), 10) + ABS(N(R74)) * IFERROR(VLOOKUP(H74, Relic_Price_Config!$G$5:$N$100, 6, FALSE), 15) + IF(N(S74)>1, (N(S74)-1)*10, 0)) * IFERROR(VLOOKUP(G74, Relic_Price_Config!$A$5:$E$9, 2, FALSE), 1), 0))) * 0.1) / 5, 0) * 5) -> 35 | AB74: =IF(AA74<=0, 0, ROUND((AA74*0.7)/5, 0)*5) -> 25
A75: alloy_plating | B75: SK_CMN_211 | C75: 합금 장갑 도포 | D75: Engineer | E75: Personal | F75: Defense | G75: Surface | H75: ShieldSelfSolid | I75: Self | J75: 0 | K75: 1 | L75: 6 | M75: DEF | N75: 1 | O75: 1 | P75: 0 | Q75: Solid | R75: 1 | S75: 2 | T75: 0 | Y75: 외장 합금 장갑을 덧대어 자신에게 (6+방어)의 보호막을 생성하고, 2사이클 동안 방어가 1 증가하는 견고를 부여한다. | Z75: 몬스터 방 처치 보상 풀 (표층 - 마도 코어) | AA75: =IF(OR(D75="Monster", E75="Basic"), 0, ROUND((MIN(IFERROR(VLOOKUP(G75, Relic_Price_Config!$A$5:$E$9, 4, FALSE), 350), MAX(IFERROR(VLOOKUP(G75, Relic_Price_Config!$A$5:$E$9, 3, FALSE), 210), ROUND((IFERROR(VLOOKUP(H75, Relic_Price_Config!$G$5:$N$100, 4, FALSE), 280) + N(L75) * IF(N(O75)>1, N(O75), 1) * IFERROR(VLOOKUP(H75, Relic_Price_Config!$G$5:$N$100, 5, FALSE), 10) + ABS(N(R75)) * IFERROR(VLOOKUP(H75, Relic_Price_Config!$G$5:$N$100, 6, FALSE), 15) + IF(N(S75)>1, (N(S75)-1)*10, 0)) * IFERROR(VLOOKUP(G75, Relic_Price_Config!$A$5:$E$9, 2, FALSE), 1), 0))) * 0.1) / 5, 0) * 5) -> 35 | AB75: =IF(AA75<=0, 0, ROUND((AA75*0.7)/5, 0)*5) -> 25
A76: limit_overdrive | B76: SK_CMN_212 | C76: 리미트 해제 | D76: Engineer | E76: Personal | F76: Special | G76: Surface | H76: BraveSelfDmg | I76: Self | J76: 0 | K76: 1 | L76: 0 | N76: 0 | O76: 1 | P76: 0 | Q76: Brave | R76: 2 | S76: 1 | T76: 2 | Y76: 마도 코어의 안전장치를 해제하여 체력을 2 소모하고, 1사이클 동안 자신의 공격을 2 증가시킨다. | Z76: 몬스터 방 처치 보상 풀 (표층 - 마도 코어), SelfDamage=2 | AA76: =IF(OR(D76="Monster", E76="Basic"), 0, ROUND((MIN(IFERROR(VLOOKUP(G76, Relic_Price_Config!$A$5:$E$9, 4, FALSE), 350), MAX(IFERROR(VLOOKUP(G76, Relic_Price_Config!$A$5:$E$9, 3, FALSE), 210), ROUND((IFERROR(VLOOKUP(H76, Relic_Price_Config!$G$5:$N$100, 4, FALSE), 280) + N(L76) * IF(N(O76)>1, N(O76), 1) * IFERROR(VLOOKUP(H76, Relic_Price_Config!$G$5:$N$100, 5, FALSE), 10) + ABS(N(R76)) * IFERROR(VLOOKUP(H76, Relic_Price_Config!$G$5:$N$100, 6, FALSE), 15) + IF(N(S76)>1, (N(S76)-1)*10, 0)) * IFERROR(VLOOKUP(G76, Relic_Price_Config!$A$5:$E$9, 2, FALSE), 1), 0))) * 0.1) / 5, 0) * 5) -> 30 | AB76: =IF(AA76<=0, 0, ROUND((AA76*0.7)/5, 0)*5) -> 20
A77: auto_gatling_drone | B77: SK_CMN_213 | C77: 기관포 드론 사출 | D77: Engineer | E77: Personal | F77: Attack | G77: Surface | H77: HitEnemyMulti | I77: SingleEnemy | J77: 0 | K77: 1 | L77: 3 | M77: ATK | N77: 1 | O77: 3 | P77: 0 | R77: 0 | S77: 0 | T77: 0 | Y77: 기관포 드론을 사출하여 적 1명에게 (3+공격)의 피해를 3회 입힌다. | Z77: 몬스터 방 처치 보상 풀 (표층 - 마도 병기) | AA77: =IF(OR(D77="Monster", E77="Basic"), 0, ROUND((MIN(IFERROR(VLOOKUP(G77, Relic_Price_Config!$A$5:$E$9, 4, FALSE), 350), MAX(IFERROR(VLOOKUP(G77, Relic_Price_Config!$A$5:$E$9, 3, FALSE), 210), ROUND((IFERROR(VLOOKUP(H77, Relic_Price_Config!$G$5:$N$100, 4, FALSE), 280) + N(L77) * IF(N(O77)>1, N(O77), 1) * IFERROR(VLOOKUP(H77, Relic_Price_Config!$G$5:$N$100, 5, FALSE), 10) + ABS(N(R77)) * IFERROR(VLOOKUP(H77, Relic_Price_Config!$G$5:$N$100, 6, FALSE), 15) + IF(N(S77)>1, (N(S77)-1)*10, 0)) * IFERROR(VLOOKUP(G77, Relic_Price_Config!$A$5:$E$9, 2, FALSE), 1), 0))) * 0.1) / 5, 0) * 5) -> 30 | AB77: =IF(AA77<=0, 0, ROUND((AA77*0.7)/5, 0)*5) -> 20
A78: pulse_shock_ray | B78: SK_CMN_214 | C78: 펄스 충격파 | D78: Engineer | E78: Personal | F78: Attack | G78: Surface | H78: HitEnemyInternalInjury | I78: SingleEnemy | J78: 0 | K78: 1 | L78: 6 | M78: ATK | N78: 1 | O78: 1 | P78: 0 | Q78: InternalInjury | R78: 2 | S78: 1 | T78: 0 | Y78: 펄스 충격파를 발사하여 적 1명에게 (6+공격)의 피해를 입히고, 1사이클 동안 스킬 에너지 사용 시 2 피해를 입는 내상을 부여한다. | Z78: 몬스터 방 처치 보상 풀 (표층 - 마도 병기) | AA78: =IF(OR(D78="Monster", E78="Basic"), 0, ROUND((MIN(IFERROR(VLOOKUP(G78, Relic_Price_Config!$A$5:$E$9, 4, FALSE), 350), MAX(IFERROR(VLOOKUP(G78, Relic_Price_Config!$A$5:$E$9, 3, FALSE), 210), ROUND((IFERROR(VLOOKUP(H78, Relic_Price_Config!$G$5:$N$100, 4, FALSE), 280) + N(L78) * IF(N(O78)>1, N(O78), 1) * IFERROR(VLOOKUP(H78, Relic_Price_Config!$G$5:$N$100, 5, FALSE), 10) + ABS(N(R78)) * IFERROR(VLOOKUP(H78, Relic_Price_Config!$G$5:$N$100, 6, FALSE), 15) + IF(N(S78)>1, (N(S78)-1)*10, 0)) * IFERROR(VLOOKUP(G78, Relic_Price_Config!$A$5:$E$9, 2, FALSE), 1), 0))) * 0.1) / 5, 0) * 5) -> 35 | AB78: =IF(AA78<=0, 0, ROUND((AA78*0.7)/5, 0)*5) -> 25
A79: repair_nanobot_beam | B79: SK_CMN_215 | C79: 수리 드론 가동 | D79: Engineer | E79: Personal | F79: Defense | G79: Surface | H79: HitEnemyHealSelf | I79: SingleEnemy | J79: 0 | K79: 1 | L79: 5 | M79: ATK | N79: 1 | O79: 1 | P79: 3 | R79: 0 | S79: 0 | T79: 0 | Y79: 수리 드론을 가동하여 적 1명에게 (5+공격)의 피해를 입히고, 자신의 체력을 (3+방어)만큼 회복한다. | Z79: 몬스터 방 처치 보상 풀 (표층 - 마도 병기), SecondaryValue=자가 회복량(3) | AA79: =IF(OR(D79="Monster", E79="Basic"), 0, ROUND((MIN(IFERROR(VLOOKUP(G79, Relic_Price_Config!$A$5:$E$9, 4, FALSE), 350), MAX(IFERROR(VLOOKUP(G79, Relic_Price_Config!$A$5:$E$9, 3, FALSE), 210), ROUND((IFERROR(VLOOKUP(H79, Relic_Price_Config!$G$5:$N$100, 4, FALSE), 280) + N(L79) * IF(N(O79)>1, N(O79), 1) * IFERROR(VLOOKUP(H79, Relic_Price_Config!$G$5:$N$100, 5, FALSE), 10) + ABS(N(R79)) * IFERROR(VLOOKUP(H79, Relic_Price_Config!$G$5:$N$100, 6, FALSE), 15) + IF(N(S79)>1, (N(S79)-1)*10, 0)) * IFERROR(VLOOKUP(G79, Relic_Price_Config!$A$5:$E$9, 2, FALSE), 1), 0))) * 0.1) / 5, 0) * 5) -> 30 | AB79: =IF(AA79<=0, 0, ROUND((AA79*0.7)/5, 0)*5) -> 20
A80: plasma_siege_cannon | B80: SK_CMN_216 | C80: 플라즈마 공성포 | D80: Engineer | E80: Personal | F80: Attack | G80: Mid | H80: HitEnemySingleAoe | I80: SingleEnemy | J80: 0 | K80: 1 | L80: 10 | M80: ATK | N80: 1 | O80: 1 | P80: 5 | R80: 0 | S80: 0 | T80: 0 | Y80: 플라즈마 공성포를 발사하여 적 1명에게 (10+공격)의 피해를 입히고, 적 전체에게 추가로 (5+공격)의 플라즈마 폭발 피해를 입힌다. | Z80: 몬스터 방 처치 보상 풀 (중층 - 마도 캐논), SecondaryValue=광역 피해 계수(5) | AA80: =IF(OR(D80="Monster", E80="Basic"), 0, ROUND((MIN(IFERROR(VLOOKUP(G80, Relic_Price_Config!$A$5:$E$9, 4, FALSE), 350), MAX(IFERROR(VLOOKUP(G80, Relic_Price_Config!$A$5:$E$9, 3, FALSE), 210), ROUND((IFERROR(VLOOKUP(H80, Relic_Price_Config!$G$5:$N$100, 4, FALSE), 280) + N(L80) * IF(N(O80)>1, N(O80), 1) * IFERROR(VLOOKUP(H80, Relic_Price_Config!$G$5:$N$100, 5, FALSE), 10) + ABS(N(R80)) * IFERROR(VLOOKUP(H80, Relic_Price_Config!$G$5:$N$100, 6, FALSE), 15) + IF(N(S80)>1, (N(S80)-1)*10, 0)) * IFERROR(VLOOKUP(G80, Relic_Price_Config!$A$5:$E$9, 2, FALSE), 1), 0))) * 0.1) / 5, 0) * 5) -> 50 | AB80: =IF(AA80<=0, 0, ROUND((AA80*0.7)/5, 0)*5) -> 35
A81: guided_buster_cannon | B81: SK_CMN_217 | C81: 유도 파쇄포 | D81: Engineer | E81: Personal | F81: Attack | G81: Mid | H81: HitEnemySingleAoeMark | I81: SingleEnemy | J81: 0 | K81: 1 | L81: 9 | M81: ATK | N81: 1 | O81: 1 | P81: 4 | Q81: Mark | R81: 1 | S81: 2 | T81: 0 | Y81: 유도 파쇄탄을 발사하여 적 1명에게 (9+공격)의 피해와 2사이클 동안 급소를 부여하고, 적 전체에게 추가로 (4+공격)의 피해를 입힌다. | Z81: 몬스터 방 처치 보상 풀 (중층 - 마도 캐논), SecondaryValue=광역 피해 계수(4) | AA81: =IF(OR(D81="Monster", E81="Basic"), 0, ROUND((MIN(IFERROR(VLOOKUP(G81, Relic_Price_Config!$A$5:$E$9, 4, FALSE), 350), MAX(IFERROR(VLOOKUP(G81, Relic_Price_Config!$A$5:$E$9, 3, FALSE), 210), ROUND((IFERROR(VLOOKUP(H81, Relic_Price_Config!$G$5:$N$100, 4, FALSE), 280) + N(L81) * IF(N(O81)>1, N(O81), 1) * IFERROR(VLOOKUP(H81, Relic_Price_Config!$G$5:$N$100, 5, FALSE), 10) + ABS(N(R81)) * IFERROR(VLOOKUP(H81, Relic_Price_Config!$G$5:$N$100, 6, FALSE), 15) + IF(N(S81)>1, (N(S81)-1)*10, 0)) * IFERROR(VLOOKUP(G81, Relic_Price_Config!$A$5:$E$9, 2, FALSE), 1), 0))) * 0.1) / 5, 0) * 5) -> 55 | AB81: =IF(AA81<=0, 0, ROUND((AA81*0.7)/5, 0)*5) -> 40
A82: fortress_artillery | B82: SK_CMN_218 | C82: 요새포 사격 | D82: Engineer | E82: Personal | F82: Attack | G82: Mid | H82: HitAllEnemiesShield | I82: AllEnemies | J82: 0 | K82: 1 | L82: 9 | M82: ATK | N82: 1 | O82: 1 | P82: 7 | R82: 0 | S82: 0 | T82: 0 | Y82: 요새포로 적 전체에게 (9+공격)의 포격 피해를 입히고, 포탑 장갑을 전개하여 자신에게 (7+방어)의 보호막을 생성한다. | Z82: 몬스터 방 처치 보상 풀 (중층 - 마도 캐논), SecondaryValue=획득 보호막 수치(7) | AA82: =IF(OR(D82="Monster", E82="Basic"), 0, ROUND((MIN(IFERROR(VLOOKUP(G82, Relic_Price_Config!$A$5:$E$9, 4, FALSE), 350), MAX(IFERROR(VLOOKUP(G82, Relic_Price_Config!$A$5:$E$9, 3, FALSE), 210), ROUND((IFERROR(VLOOKUP(H82, Relic_Price_Config!$G$5:$N$100, 4, FALSE), 280) + N(L82) * IF(N(O82)>1, N(O82), 1) * IFERROR(VLOOKUP(H82, Relic_Price_Config!$G$5:$N$100, 5, FALSE), 10) + ABS(N(R82)) * IFERROR(VLOOKUP(H82, Relic_Price_Config!$G$5:$N$100, 6, FALSE), 15) + IF(N(S82)>1, (N(S82)-1)*10, 0)) * IFERROR(VLOOKUP(G82, Relic_Price_Config!$A$5:$E$9, 2, FALSE), 1), 0))) * 0.1) / 5, 0) * 5) -> 50 | AB82: =IF(AA82<=0, 0, ROUND((AA82*0.7)/5, 0)*5) -> 35
A83: carpet_bombing | B83: SK_CMN_219 | C83: 융단 폭격 | D83: Engineer | E83: Personal | F83: Attack | G83: Mid | H83: HitAllEnemiesMulti | I83: AllEnemies | J83: 0 | K83: 1 | L83: 4 | M83: ATK | N83: 1 | O83: 3 | P83: 0 | R83: 0 | S83: 0 | T83: 0 | Y83: 전장에 마도 폭탄을 연속 투하하여 적 전체에게 (4+공격)의 피해를 3회 입힌다. | Z83: 몬스터 방 처치 보상 풀 (중층 - 마도 폭탄) | AA83: =IF(OR(D83="Monster", E83="Basic"), 0, ROUND((MIN(IFERROR(VLOOKUP(G83, Relic_Price_Config!$A$5:$E$9, 4, FALSE), 350), MAX(IFERROR(VLOOKUP(G83, Relic_Price_Config!$A$5:$E$9, 3, FALSE), 210), ROUND((IFERROR(VLOOKUP(H83, Relic_Price_Config!$G$5:$N$100, 4, FALSE), 280) + N(L83) * IF(N(O83)>1, N(O83), 1) * IFERROR(VLOOKUP(H83, Relic_Price_Config!$G$5:$N$100, 5, FALSE), 10) + ABS(N(R83)) * IFERROR(VLOOKUP(H83, Relic_Price_Config!$G$5:$N$100, 6, FALSE), 15) + IF(N(S83)>1, (N(S83)-1)*10, 0)) * IFERROR(VLOOKUP(G83, Relic_Price_Config!$A$5:$E$9, 2, FALSE), 1), 0))) * 0.1) / 5, 0) * 5) -> 50 | AB83: =IF(AA83<=0, 0, ROUND((AA83*0.7)/5, 0)*5) -> 35
A84: thermobaric_bomb | B84: SK_CMN_220 | C84: 열압력 융해탄 | D84: Engineer | E84: Personal | F84: Attack | G84: Mid | H84: HitAllEnemiesLavaAll | I84: AllEnemies | J84: 0 | K84: 1 | L84: 10 | M84: ATK | N84: 1 | O84: 1 | P84: 0 | Q84: Lava | R84: 2 | S84: 2 | T84: 0 | Y84: 열압력 융해탄을 터뜨려 적 전체에게 (10+공격)의 피해를 입히고, 2사이클 동안 방어가 2 하락하는 허점(용암)을 부여한다. | Z84: 몬스터 방 처치 보상 풀 (중층 - 마도 폭탄) | AA84: =IF(OR(D84="Monster", E84="Basic"), 0, ROUND((MIN(IFERROR(VLOOKUP(G84, Relic_Price_Config!$A$5:$E$9, 4, FALSE), 350), MAX(IFERROR(VLOOKUP(G84, Relic_Price_Config!$A$5:$E$9, 3, FALSE), 210), ROUND((IFERROR(VLOOKUP(H84, Relic_Price_Config!$G$5:$N$100, 4, FALSE), 280) + N(L84) * IF(N(O84)>1, N(O84), 1) * IFERROR(VLOOKUP(H84, Relic_Price_Config!$G$5:$N$100, 5, FALSE), 10) + ABS(N(R84)) * IFERROR(VLOOKUP(H84, Relic_Price_Config!$G$5:$N$100, 6, FALSE), 15) + IF(N(S84)>1, (N(S84)-1)*10, 0)) * IFERROR(VLOOKUP(G84, Relic_Price_Config!$A$5:$E$9, 2, FALSE), 1), 0))) * 0.1) / 5, 0) * 5) -> 55 | AB84: =IF(AA84<=0, 0, ROUND((AA84*0.7)/5, 0)*5) -> 40
A85: choking_toxin_bomb | B85: SK_CMN_221 | C85: 맹독 신경탄 | D85: Engineer | E85: Personal | F85: Attack | G85: Mid | H85: HitAllEnemiesPoisonAll | I85: AllEnemies | J85: 0 | K85: 1 | L85: 8 | M85: ATK | N85: 1 | O85: 1 | P85: 0 | Q85: Poison | R85: 4 | S85: 2 | T85: 0 | Y85: 신경 독가스탄을 투척하여 적 전체에게 (8+공격)의 피해를 입히고, 2사이클 동안 매 턴 4 피해를 입히는 중독을 부여한다. | Z85: 몬스터 방 처치 보상 풀 (중층 - 마도 폭탄) | AA85: =IF(OR(D85="Monster", E85="Basic"), 0, ROUND((MIN(IFERROR(VLOOKUP(G85, Relic_Price_Config!$A$5:$E$9, 4, FALSE), 350), MAX(IFERROR(VLOOKUP(G85, Relic_Price_Config!$A$5:$E$9, 3, FALSE), 210), ROUND((IFERROR(VLOOKUP(H85, Relic_Price_Config!$G$5:$N$100, 4, FALSE), 280) + N(L85) * IF(N(O85)>1, N(O85), 1) * IFERROR(VLOOKUP(H85, Relic_Price_Config!$G$5:$N$100, 5, FALSE), 10) + ABS(N(R85)) * IFERROR(VLOOKUP(H85, Relic_Price_Config!$G$5:$N$100, 6, FALSE), 15) + IF(N(S85)>1, (N(S85)-1)*10, 0)) * IFERROR(VLOOKUP(G85, Relic_Price_Config!$A$5:$E$9, 2, FALSE), 1), 0))) * 0.1) / 5, 0) * 5) -> 55 | AB85: =IF(AA85<=0, 0, ROUND((AA85*0.7)/5, 0)*5) -> 40
A86: emp_blackout_field | B86: SK_CMN_222 | C86: EMP 충격장 | D86: Engineer | E86: Personal | F86: Attack | G86: Mid | H86: HitAllEnemiesInternalInjuryAll | I86: AllEnemies | J86: 0 | K86: 1 | L86: 9 | M86: ATK | N86: 1 | O86: 1 | P86: 0 | Q86: InternalInjury | R86: 3 | S86: 2 | T86: 0 | Y86: EMP 충격장을 터뜨려 적 전체에게 (9+공격)의 전자기 피해를 입히고, 2사이클 동안 스킬 에너지 사용 시 3 피해를 입는 내상을 부여한다. | Z86: 몬스터 방 처치 보상 풀 (중층 - 마도 역장) | AA86: =IF(OR(D86="Monster", E86="Basic"), 0, ROUND((MIN(IFERROR(VLOOKUP(G86, Relic_Price_Config!$A$5:$E$9, 4, FALSE), 350), MAX(IFERROR(VLOOKUP(G86, Relic_Price_Config!$A$5:$E$9, 3, FALSE), 210), ROUND((IFERROR(VLOOKUP(H86, Relic_Price_Config!$G$5:$N$100, 4, FALSE), 280) + N(L86) * IF(N(O86)>1, N(O86), 1) * IFERROR(VLOOKUP(H86, Relic_Price_Config!$G$5:$N$100, 5, FALSE), 10) + ABS(N(R86)) * IFERROR(VLOOKUP(H86, Relic_Price_Config!$G$5:$N$100, 6, FALSE), 15) + IF(N(S86)>1, (N(S86)-1)*10, 0)) * IFERROR(VLOOKUP(G86, Relic_Price_Config!$A$5:$E$9, 2, FALSE), 1), 0))) * 0.1) / 5, 0) * 5) -> 55 | AB86: =IF(AA86<=0, 0, ROUND((AA86*0.7)/5, 0)*5) -> 40
A87: stasis_suppression_field | B87: SK_CMN_223 | C87: 중력 감속장 | D87: Engineer | E87: Personal | F87: Attack | G87: Mid | H87: HitAllEnemiesFearAll | I87: AllEnemies | J87: 0 | K87: 1 | L87: 9 | M87: ATK | N87: 1 | O87: 1 | P87: 0 | Q87: Fear | R87: 1 | S87: 2 | T87: 0 | Y87: 중력 감속장을 전개하여 적 전체에게 (9+공격)의 피해를 입히고, 2사이클 동안 공포를 부여한다. | Z87: 몬스터 방 처치 보상 풀 (중층 - 마도 역장) | AA87: =IF(OR(D87="Monster", E87="Basic"), 0, ROUND((MIN(IFERROR(VLOOKUP(G87, Relic_Price_Config!$A$5:$E$9, 4, FALSE), 350), MAX(IFERROR(VLOOKUP(G87, Relic_Price_Config!$A$5:$E$9, 3, FALSE), 210), ROUND((IFERROR(VLOOKUP(H87, Relic_Price_Config!$G$5:$N$100, 4, FALSE), 280) + N(L87) * IF(N(O87)>1, N(O87), 1) * IFERROR(VLOOKUP(H87, Relic_Price_Config!$G$5:$N$100, 5, FALSE), 10) + ABS(N(R87)) * IFERROR(VLOOKUP(H87, Relic_Price_Config!$G$5:$N$100, 6, FALSE), 15) + IF(N(S87)>1, (N(S87)-1)*10, 0)) * IFERROR(VLOOKUP(G87, Relic_Price_Config!$A$5:$E$9, 2, FALSE), 1), 0))) * 0.1) / 5, 0) * 5) -> 50 | AB87: =IF(AA87<=0, 0, ROUND((AA87*0.7)/5, 0)*5) -> 35
A88: aegis_dome_projector | B88: SK_CMN_224 | C88: 이지스 돔 전개 | D88: Engineer | E88: Personal | F88: Defense | G88: Mid | H88: ShieldAllSolidAll | I88: AllAllies | J88: 0 | K88: 1 | L88: 8 | M88: DEF | N88: 1 | O88: 1 | P88: 0 | Q88: Solid | R88: 1 | S88: 2 | T88: 0 | Y88: 이지스 방어 돔을 전개하여 아군 전체에게 (8+방어)의 보호막을 생성하고, 2사이클 동안 방어를 1 증가시킨다. | Z88: 몬스터 방 처치 보상 풀 (중층 - 마도 역장) | AA88: =IF(OR(D88="Monster", E88="Basic"), 0, ROUND((MIN(IFERROR(VLOOKUP(G88, Relic_Price_Config!$A$5:$E$9, 4, FALSE), 350), MAX(IFERROR(VLOOKUP(G88, Relic_Price_Config!$A$5:$E$9, 3, FALSE), 210), ROUND((IFERROR(VLOOKUP(H88, Relic_Price_Config!$G$5:$N$100, 4, FALSE), 280) + N(L88) * IF(N(O88)>1, N(O88), 1) * IFERROR(VLOOKUP(H88, Relic_Price_Config!$G$5:$N$100, 5, FALSE), 10) + ABS(N(R88)) * IFERROR(VLOOKUP(H88, Relic_Price_Config!$G$5:$N$100, 6, FALSE), 15) + IF(N(S88)>1, (N(S88)-1)*10, 0)) * IFERROR(VLOOKUP(G88, Relic_Price_Config!$A$5:$E$9, 2, FALSE), 1), 0))) * 0.1) / 5, 0) * 5) -> 55 | AB88: =IF(AA88<=0, 0, ROUND((AA88*0.7)/5, 0)*5) -> 40
A89: dual_core_boost | B89: SK_CMN_225 | C89: 듀얼 코어 가동 | D89: Engineer | E89: Personal | F89: Special | G89: Mid | H89: GainEnergyBraveSelf | I89: Self | J89: 0 | K89: 1 | L89: 1 | N89: 0 | O89: 1 | P89: 0 | Q89: Brave | R89: 2 | S89: 2 | T89: 0 | Y89: 듀얼 코어를 가동하여 즉시 행동 에너지를 1 회복하고, 2사이클 동안 자신의 공격을 2 증가시킨다. | Z89: 몬스터 방 처치 보상 풀 (중층 - 마도 코어) | AA89: =IF(OR(D89="Monster", E89="Basic"), 0, ROUND((MIN(IFERROR(VLOOKUP(G89, Relic_Price_Config!$A$5:$E$9, 4, FALSE), 350), MAX(IFERROR(VLOOKUP(G89, Relic_Price_Config!$A$5:$E$9, 3, FALSE), 210), ROUND((IFERROR(VLOOKUP(H89, Relic_Price_Config!$G$5:$N$100, 4, FALSE), 280) + N(L89) * IF(N(O89)>1, N(O89), 1) * IFERROR(VLOOKUP(H89, Relic_Price_Config!$G$5:$N$100, 5, FALSE), 10) + ABS(N(R89)) * IFERROR(VLOOKUP(H89, Relic_Price_Config!$G$5:$N$100, 6, FALSE), 15) + IF(N(S89)>1, (N(S89)-1)*10, 0)) * IFERROR(VLOOKUP(G89, Relic_Price_Config!$A$5:$E$9, 2, FALSE), 1), 0))) * 0.1) / 5, 0) * 5) -> 55 | AB89: =IF(AA89<=0, 0, ROUND((AA89*0.7)/5, 0)*5) -> 40
A90: reactive_armor_module | B90: SK_CMN_226 | C90: 반응형 장갑 전개 | D90: Engineer | E90: Personal | F90: Defense | G90: Mid | H90: ShieldSelfCounter | I90: Self | J90: 0 | K90: 1 | L90: 12 | M90: DEF | N90: 1 | O90: 1 | P90: 4 | Q90: Counter | R90: 1 | S90: 1 | T90: 0 | Y90: 반응형 장갑을 전개하여 자신에게 (12+방어)의 보호막을 생성하고, 1사이클 동안 피격 시 (4+방어)의 폭발 피해를 돌려주는 반격을 부여한다. | Z90: 몬스터 방 처치 보상 풀 (중층 - 마도 코어), SecondaryValue=반격 기본 데미지(4) | AA90: =IF(OR(D90="Monster", E90="Basic"), 0, ROUND((MIN(IFERROR(VLOOKUP(G90, Relic_Price_Config!$A$5:$E$9, 4, FALSE), 350), MAX(IFERROR(VLOOKUP(G90, Relic_Price_Config!$A$5:$E$9, 3, FALSE), 210), ROUND((IFERROR(VLOOKUP(H90, Relic_Price_Config!$G$5:$N$100, 4, FALSE), 280) + N(L90) * IF(N(O90)>1, N(O90), 1) * IFERROR(VLOOKUP(H90, Relic_Price_Config!$G$5:$N$100, 5, FALSE), 10) + ABS(N(R90)) * IFERROR(VLOOKUP(H90, Relic_Price_Config!$G$5:$N$100, 6, FALSE), 15) + IF(N(S90)>1, (N(S90)-1)*10, 0)) * IFERROR(VLOOKUP(G90, Relic_Price_Config!$A$5:$E$9, 2, FALSE), 1), 0))) * 0.1) / 5, 0) * 5) -> 55 | AB90: =IF(AA90<=0, 0, ROUND((AA90*0.7)/5, 0)*5) -> 40
A91: tactical_command_link | B91: SK_CMN_227 | C91: 전술 화력 링크 | D91: Engineer | E91: Personal | F91: Special | G91: Mid | H91: BraveAllSolidAll | I91: AllAllies | J91: 0 | K91: 1 | L91: 0 | N91: 0 | O91: 1 | P91: 0 | Q91: Brave | R91: 2 | S91: 2 | T91: 0 | Y91: 전술 통신망을 연결하여 2사이클 동안 아군 전체의 공격과 방어를 2 증가시킨다. | Z91: 몬스터 방 처치 보상 풀 (중층 - 마도 코어) | AA91: =IF(OR(D91="Monster", E91="Basic"), 0, ROUND((MIN(IFERROR(VLOOKUP(G91, Relic_Price_Config!$A$5:$E$9, 4, FALSE), 350), MAX(IFERROR(VLOOKUP(G91, Relic_Price_Config!$A$5:$E$9, 3, FALSE), 210), ROUND((IFERROR(VLOOKUP(H91, Relic_Price_Config!$G$5:$N$100, 4, FALSE), 280) + N(L91) * IF(N(O91)>1, N(O91), 1) * IFERROR(VLOOKUP(H91, Relic_Price_Config!$G$5:$N$100, 5, FALSE), 10) + ABS(N(R91)) * IFERROR(VLOOKUP(H91, Relic_Price_Config!$G$5:$N$100, 6, FALSE), 15) + IF(N(S91)>1, (N(S91)-1)*10, 0)) * IFERROR(VLOOKUP(G91, Relic_Price_Config!$A$5:$E$9, 2, FALSE), 1), 0))) * 0.1) / 5, 0) * 5) -> 55 | AB91: =IF(AA91<=0, 0, ROUND((AA91*0.7)/5, 0)*5) -> 40
A92: railgun_snipe | B92: SK_CMN_228 | C92: 전자기 레일건 | D92: Engineer | E92: Personal | F92: Attack | G92: Mid | H92: HitEnemyMark | I92: SingleEnemy | J92: 0 | K92: 1 | L92: 14 | M92: ATK | N92: 1 | O92: 1 | P92: 0 | Q92: Mark | R92: 1 | S92: 2 | T92: 0 | Y92: 전자기 레일건을 발사하여 적 1명에게 (14+공격)의 관통 피해를 입히고, 2사이클 동안 급소를 부여한다. | Z92: 몬스터 방 처치 보상 풀 (중층 - 마도 병기) | AA92: =IF(OR(D92="Monster", E92="Basic"), 0, ROUND((MIN(IFERROR(VLOOKUP(G92, Relic_Price_Config!$A$5:$E$9, 4, FALSE), 350), MAX(IFERROR(VLOOKUP(G92, Relic_Price_Config!$A$5:$E$9, 3, FALSE), 210), ROUND((IFERROR(VLOOKUP(H92, Relic_Price_Config!$G$5:$N$100, 4, FALSE), 280) + N(L92) * IF(N(O92)>1, N(O92), 1) * IFERROR(VLOOKUP(H92, Relic_Price_Config!$G$5:$N$100, 5, FALSE), 10) + ABS(N(R92)) * IFERROR(VLOOKUP(H92, Relic_Price_Config!$G$5:$N$100, 6, FALSE), 15) + IF(N(S92)>1, (N(S92)-1)*10, 0)) * IFERROR(VLOOKUP(G92, Relic_Price_Config!$A$5:$E$9, 2, FALSE), 1), 0))) * 0.1) / 5, 0) * 5) -> 55 | AB92: =IF(AA92<=0, 0, ROUND((AA92*0.7)/5, 0)*5) -> 40
A93: energy_siphon_converter | B93: SK_CMN_229 | C93: 생체 에너지 변환기 | D93: Engineer | E93: Personal | F93: Defense | G93: Mid | H93: ShieldSelfAbsorption | I93: Self | J93: 0 | K93: 1 | L93: 12 | M93: DEF | N93: 1 | O93: 1 | P93: 0 | Q93: Absorption | R93: 20 | S93: 1 | T93: 0 | Y93: 생체 에너지 변환기를 가동하여 자신에게 (12+방어)의 보호막을 생성하고, 1사이클 동안 피격 시 받은 피해의 20%를 회복하는 흡수를 부여한다. | Z93: 몬스터 방 처치 보상 풀 (중층 - 마도 병기) | AA93: =IF(OR(D93="Monster", E93="Basic"), 0, ROUND((MIN(IFERROR(VLOOKUP(G93, Relic_Price_Config!$A$5:$E$9, 4, FALSE), 350), MAX(IFERROR(VLOOKUP(G93, Relic_Price_Config!$A$5:$E$9, 3, FALSE), 210), ROUND((IFERROR(VLOOKUP(H93, Relic_Price_Config!$G$5:$N$100, 4, FALSE), 280) + N(L93) * IF(N(O93)>1, N(O93), 1) * IFERROR(VLOOKUP(H93, Relic_Price_Config!$G$5:$N$100, 5, FALSE), 10) + ABS(N(R93)) * IFERROR(VLOOKUP(H93, Relic_Price_Config!$G$5:$N$100, 6, FALSE), 15) + IF(N(S93)>1, (N(S93)-1)*10, 0)) * IFERROR(VLOOKUP(G93, Relic_Price_Config!$A$5:$E$9, 2, FALSE), 1), 0))) * 0.1) / 5, 0) * 5) -> 55 | AB93: =IF(AA93<=0, 0, ROUND((AA93*0.7)/5, 0)*5) -> 40
A94: overheat_discharge_cannon | B94: SK_CMN_230 | C94: 과열 방열포 | D94: Engineer | E94: Personal | F94: Attack | G94: Mid | H94: HitEnemySelfDmg | I94: SingleEnemy | J94: 0 | K94: 1 | L94: 19 | M94: ATK | N94: 1 | O94: 1 | P94: 0 | Q94: SelfDamage | R94: 4 | S94: 0 | T94: 4 | Y94: 마도포의 열기를 방출하여 적 1명에게 (19+공격)의 피해를 입히고, 과열 반동으로 자신은 4 피해를 받는다. | Z94: 몬스터 방 처치 보상 풀 (중층 - 마도 병기), SelfDamage=4 | AA94: =IF(OR(D94="Monster", E94="Basic"), 0, ROUND((MIN(IFERROR(VLOOKUP(G94, Relic_Price_Config!$A$5:$E$9, 4, FALSE), 350), MAX(IFERROR(VLOOKUP(G94, Relic_Price_Config!$A$5:$E$9, 3, FALSE), 210), ROUND((IFERROR(VLOOKUP(H94, Relic_Price_Config!$G$5:$N$100, 4, FALSE), 280) + N(L94) * IF(N(O94)>1, N(O94), 1) * IFERROR(VLOOKUP(H94, Relic_Price_Config!$G$5:$N$100, 5, FALSE), 10) + ABS(N(R94)) * IFERROR(VLOOKUP(H94, Relic_Price_Config!$G$5:$N$100, 6, FALSE), 15) + IF(N(S94)>1, (N(S94)-1)*10, 0)) * IFERROR(VLOOKUP(G94, Relic_Price_Config!$A$5:$E$9, 2, FALSE), 1), 0))) * 0.1) / 5, 0) * 5) -> 55 | AB94: =IF(AA94<=0, 0, ROUND((AA94*0.7)/5, 0)*5) -> 40
A95: hyperion_buster_cannon | B95: SK_CMN_231 | C95: 하이페리온 마도포 | D95: Engineer | E95: Personal | F95: Attack | G95: Deep | H95: HitEnemySingleAoe | I95: SingleEnemy | J95: 0 | K95: 1 | L95: 16 | M95: ATK | N95: 1 | O95: 1 | P95: 9 | R95: 0 | S95: 0 | T95: 0 | Y95: 하이페리온 마도포를 발사하여 적 1명에게 (16+공격)의 직격 피해를 입히고, 적 전체에게 추가로 (9+공격)의 폭발 피해를 입힌다. | Z95: 몬스터 방 처치 보상 풀 (심층 - 마도 캐논), SecondaryValue=광역 피해 계수(9) | AA95: =IF(OR(D95="Monster", E95="Basic"), 0, ROUND((MIN(IFERROR(VLOOKUP(G95, Relic_Price_Config!$A$5:$E$9, 4, FALSE), 350), MAX(IFERROR(VLOOKUP(G95, Relic_Price_Config!$A$5:$E$9, 3, FALSE), 210), ROUND((IFERROR(VLOOKUP(H95, Relic_Price_Config!$G$5:$N$100, 4, FALSE), 280) + N(L95) * IF(N(O95)>1, N(O95), 1) * IFERROR(VLOOKUP(H95, Relic_Price_Config!$G$5:$N$100, 5, FALSE), 10) + ABS(N(R95)) * IFERROR(VLOOKUP(H95, Relic_Price_Config!$G$5:$N$100, 6, FALSE), 15) + IF(N(S95)>1, (N(S95)-1)*10, 0)) * IFERROR(VLOOKUP(G95, Relic_Price_Config!$A$5:$E$9, 2, FALSE), 1), 0))) * 0.1) / 5, 0) * 5) -> 70 | AB95: =IF(AA95<=0, 0, ROUND((AA95*0.7)/5, 0)*5) -> 50
A96: antimatter_annihilator | B96: SK_CMN_232 | C96: 반물질 소멸포 | D96: Engineer | E96: Personal | F96: Attack | G96: Deep | H96: HitEnemySingleAoeLava | I96: SingleEnemy | J96: 0 | K96: 1 | L96: 14 | M96: ATK | N96: 1 | O96: 1 | P96: 8 | Q96: Lava | R96: 2 | S96: 2 | T96: 0 | Y96: 반물질 탄두를 발사하여 적 1명에게 (14+공격)의 피해를 입히고, 적 전체에 (8+공격)의 추가 피해와 2사이클 동안 허점(용암) 2를 부여한다. | Z96: 몬스터 방 처치 보상 풀 (심층 - 마도 캐논), SecondaryValue=광역 피해 계수(8) | AA96: =IF(OR(D96="Monster", E96="Basic"), 0, ROUND((MIN(IFERROR(VLOOKUP(G96, Relic_Price_Config!$A$5:$E$9, 4, FALSE), 350), MAX(IFERROR(VLOOKUP(G96, Relic_Price_Config!$A$5:$E$9, 3, FALSE), 210), ROUND((IFERROR(VLOOKUP(H96, Relic_Price_Config!$G$5:$N$100, 4, FALSE), 280) + N(L96) * IF(N(O96)>1, N(O96), 1) * IFERROR(VLOOKUP(H96, Relic_Price_Config!$G$5:$N$100, 5, FALSE), 10) + ABS(N(R96)) * IFERROR(VLOOKUP(H96, Relic_Price_Config!$G$5:$N$100, 6, FALSE), 15) + IF(N(S96)>1, (N(S96)-1)*10, 0)) * IFERROR(VLOOKUP(G96, Relic_Price_Config!$A$5:$E$9, 2, FALSE), 1), 0))) * 0.1) / 5, 0) * 5) -> 70 | AB96: =IF(AA96<=0, 0, ROUND((AA96*0.7)/5, 0)*5) -> 50
A97: dreadnought_fortress_cannon | B97: SK_CMN_233 | C97: 드레드노트 주포 | D97: Engineer | E97: Personal | F97: Attack | G97: Deep | H97: HitAllEnemiesShieldMetal | I97: AllEnemies | J97: 0 | K97: 1 | L97: 15 | M97: ATK | N97: 1 | O97: 1 | P97: 12 | Q97: Metal | R97: 1 | S97: 1 | T97: 0 | Y97: 드레드노트 주포로 적 전체에게 (15+공격)의 포격 피해를 입히고 (12+방어)의 보호막을 얻은 뒤, 1사이클 동안 받는 피해가 1로 고정되는 강철을 부여한다. | Z97: 몬스터 방 처치 보상 풀 (심층 - 마도 캐논), SecondaryValue=획득 보호막 수치(12) | AA97: =IF(OR(D97="Monster", E97="Basic"), 0, ROUND((MIN(IFERROR(VLOOKUP(G97, Relic_Price_Config!$A$5:$E$9, 4, FALSE), 350), MAX(IFERROR(VLOOKUP(G97, Relic_Price_Config!$A$5:$E$9, 3, FALSE), 210), ROUND((IFERROR(VLOOKUP(H97, Relic_Price_Config!$G$5:$N$100, 4, FALSE), 280) + N(L97) * IF(N(O97)>1, N(O97), 1) * IFERROR(VLOOKUP(H97, Relic_Price_Config!$G$5:$N$100, 5, FALSE), 10) + ABS(N(R97)) * IFERROR(VLOOKUP(H97, Relic_Price_Config!$G$5:$N$100, 6, FALSE), 15) + IF(N(S97)>1, (N(S97)-1)*10, 0)) * IFERROR(VLOOKUP(G97, Relic_Price_Config!$A$5:$E$9, 2, FALSE), 1), 0))) * 0.1) / 5, 0) * 5) -> 70 | AB97: =IF(AA97<=0, 0, ROUND((AA97*0.7)/5, 0)*5) -> 50
A98: orbital_satellite_bombard | B98: SK_CMN_234 | C98: 궤도 위성 폭격 | D98: Engineer | E98: Personal | F98: Attack | G98: Deep | H98: HitAllEnemiesMulti | I98: AllEnemies | J98: 0 | K98: 1 | L98: 5 | M98: ATK | N98: 1 | O98: 4 | P98: 0 | R98: 0 | S98: 0 | T98: 0 | Y98: 마도 위성에 폭격 좌표를 전송하여 적 전체에게 (5+공격)의 피해를 4회 입힌다. | Z98: 몬스터 방 처치 보상 풀 (심층 - 마도 폭탄) | AA98: =IF(OR(D98="Monster", E98="Basic"), 0, ROUND((MIN(IFERROR(VLOOKUP(G98, Relic_Price_Config!$A$5:$E$9, 4, FALSE), 350), MAX(IFERROR(VLOOKUP(G98, Relic_Price_Config!$A$5:$E$9, 3, FALSE), 210), ROUND((IFERROR(VLOOKUP(H98, Relic_Price_Config!$G$5:$N$100, 4, FALSE), 280) + N(L98) * IF(N(O98)>1, N(O98), 1) * IFERROR(VLOOKUP(H98, Relic_Price_Config!$G$5:$N$100, 5, FALSE), 10) + ABS(N(R98)) * IFERROR(VLOOKUP(H98, Relic_Price_Config!$G$5:$N$100, 6, FALSE), 15) + IF(N(S98)>1, (N(S98)-1)*10, 0)) * IFERROR(VLOOKUP(G98, Relic_Price_Config!$A$5:$E$9, 2, FALSE), 1), 0))) * 0.1) / 5, 0) * 5) -> 70 | AB98: =IF(AA98<=0, 0, ROUND((AA98*0.7)/5, 0)*5) -> 50
A99: chaos_elemental_warhead | B99: SK_CMN_235 | C99: 원소 융합 탄두 | D99: Engineer | E99: Personal | F99: Attack | G99: Deep | H99: HitAllEnemiesFusionAll | I99: AllEnemies | J99: 0 | K99: 1 | L99: 16 | M99: ATK | N99: 1 | O99: 1 | P99: 0 | Q99: Fusion | R99: 3 | S99: 2 | T99: 0 | Y99: 원소 융합 탄두를 폭발시켜 적 전체에게 (16+공격)의 피해를 입히고, 2사이클 동안 퓨전 3을 부여한다. | Z99: 몬스터 방 처치 보상 풀 (심층 - 마도 폭탄) | AA99: =IF(OR(D99="Monster", E99="Basic"), 0, ROUND((MIN(IFERROR(VLOOKUP(G99, Relic_Price_Config!$A$5:$E$9, 4, FALSE), 350), MAX(IFERROR(VLOOKUP(G99, Relic_Price_Config!$A$5:$E$9, 3, FALSE), 210), ROUND((IFERROR(VLOOKUP(H99, Relic_Price_Config!$G$5:$N$100, 4, FALSE), 280) + N(L99) * IF(N(O99)>1, N(O99), 1) * IFERROR(VLOOKUP(H99, Relic_Price_Config!$G$5:$N$100, 5, FALSE), 10) + ABS(N(R99)) * IFERROR(VLOOKUP(H99, Relic_Price_Config!$G$5:$N$100, 6, FALSE), 15) + IF(N(S99)>1, (N(S99)-1)*10, 0)) * IFERROR(VLOOKUP(G99, Relic_Price_Config!$A$5:$E$9, 2, FALSE), 1), 0))) * 0.1) / 5, 0) * 5) -> 70 | AB99: =IF(AA99<=0, 0, ROUND((AA99*0.7)/5, 0)*5) -> 50
A100: supernova_cataclysm_bomb | B100: SK_CMN_236 | C100: 초신성 연쇄 폭탄 | D100: Engineer | E100: Personal | F100: Attack | G100: Deep | H100: HitAllEnemiesMark | I100: AllEnemies | J100: 0 | K100: 1 | L100: 16 | M100: ATK | N100: 1 | O100: 1 | P100: 0 | Q100: Mark | R100: 1 | S100: 2 | T100: 0 | Y100: 초신성 연쇄 폭탄을 기폭시켜 적 전체에게 (16+공격)의 피해를 입히고, 2사이클 동안 급소를 부여한다. | Z100: 몬스터 방 처치 보상 풀 (심층 - 마도 폭탄) | AA100: =IF(OR(D100="Monster", E100="Basic"), 0, ROUND((MIN(IFERROR(VLOOKUP(G100, Relic_Price_Config!$A$5:$E$9, 4, FALSE), 350), MAX(IFERROR(VLOOKUP(G100, Relic_Price_Config!$A$5:$E$9, 3, FALSE), 210), ROUND((IFERROR(VLOOKUP(H100, Relic_Price_Config!$G$5:$N$100, 4, FALSE), 280) + N(L100) * IF(N(O100)>1, N(O100), 1) * IFERROR(VLOOKUP(H100, Relic_Price_Config!$G$5:$N$100, 5, FALSE), 10) + ABS(N(R100)) * IFERROR(VLOOKUP(H100, Relic_Price_Config!$G$5:$N$100, 6, FALSE), 15) + IF(N(S100)>1, (N(S100)-1)*10, 0)) * IFERROR(VLOOKUP(G100, Relic_Price_Config!$A$5:$E$9, 2, FALSE), 1), 0))) * 0.1) / 5, 0) * 5) -> 70 | AB100: =IF(AA100<=0, 0, ROUND((AA100*0.7)/5, 0)*5) -> 50
...

Sheet Field_Guide
A1: 스킬 데이터 필드 가이드
A2: Skill_DataTable 시트의 각 컬럼(변수) 설명. 언리얼 FTableRowBase 구조체 필드로 그대로 매핑 가능하도록 설계함.
A4: Field(변수명) | B4: DataType | C4: 설명 | D4: 허용 값 / 예시
A5: RowName | B5: Name(FName) | C5: 언리얼 DataTable의 고유 행 이름. 다른 테이블에서 참조하는 키. | D5: 예: monk_attack (영문 소문자+언더바 권장)
A6: SkillID | B6: FString | C6: 기획/기획서 추적용 스킬 고유 코드. | D6: 예: SK_MONK_001
A7: DisplayName_KR | B7: FText | C7: UI에 표시될 한글 스킬명. | D7: 예: 공격 태세
A8: OwnerClass | B8: Enum(ECharClass) | C8: 이 스킬을 보유한 캐릭터 클래스. 공용 스킬은 Common. | D8: Monk / Engineer / Paladin / Assassin / Common
A9: SkillCategory | B9: Enum(ESkillCategory) | C9: PDF 기준 스킬 분류. | D9: Basic(기본) / Common(공용) / Personal(개인)
A10: SkillType | B10: Enum(ESkillType) | C10: 스킬 분류 — 행동형인지 특수형인지. | D10: Attack(공격) / Defense(방어) / Special(특수)
A11: SkillTier | B11: Enum(ESkillTier) | C11: PDF 기준 획득 가능 층 등급(별 색상). | D11: Surface(표층/회색) / Mid(중층/노랑) / Deep(심층/빨강)
A12: ActionKind | B12: Enum(EActionKind) | C12: 실제 효과 실행 로직 종류. Enum_Reference 시트 참고. | D12: 예: HitEnemy, ShieldSelf, HealAlly 등 20종
A13: TargetType | B13: Enum(ETargetType) | C13: 스킬의 대상 지정 방식. | D13: Self / SingleEnemy / AllEnemies / SingleAlly / AllAllies
A14: EnergyCost | B14: int32 | C14: 기본 행동 에너지 소모량(매 턴 3까지 회복). | D14: 보통 1
A15: SkillEnergyCost | B15: int32 | C15: 강화 에너지(획득 스킬 전용 자원) 소모량. 기본 스킬은 0. | D15: 보통 0(기본) 또는 1(공용/개인)
... A32: SellPrice_Dungeon | B32: int32 | C32: 던전 상점 등에서 스킬 판매 시 얻는 던전 재화 가격 (던전 구매가의 70%, 5단위 반올림). | D32: 예: 표층 20~25 / 중층 35~40 / 심층 45~50
A37: 기타 Enum | B37: 값 목록
A38: OwnerClass | B38: Monk, Engineer, Paladin, Assassin, Common
A39: SkillCategory | B39: Basic, Common, Personal
A40: SkillType | B40: Attack, Defense, Special
A41: SkillTier | B41: Surface, Mid, Deep
A42: TargetType | B42: Self, SingleEnemy, AllEnemies, SingleAlly, AllAllies
A43: ScalingStat | B43: ATK, DEF, None
A44: StatusEffect | B44: None, Poison, Mark, EvasionBuff, Counter, SelfDamage

Sheet Enum_Reference
A1: Enum 값 레퍼런스
A2: ActionKind에 새 스킬을 추가할 때 사용할 수 있는 실행 로직 종류와 각 로직이 어떤 변수를 쓰는지 정리.
A4: ActionKind | B4: 설명 | C4: 사용하는 주요 필드 | D4: TargetType 예시 | E4: 참조 ActionKind | F4: 비고 | H4: OwnerClass | I4: SkillCategory | J4: SkillType | K4: SkillTier | L4: StatusEffect | M4: TargetType | N4: RelicTier
A5: HitEnemy | B5: 적 1명에게 단일 피해 | C5: BaseValue, ScalingStat | D5: SingleEnemy | F5: 가장 기본적인 단일 공격 | H5: Fighter | I5: Basic | J5: Attack | K5: Mid | L5: None | M5: Self | N5: Mid
A6: HitEnemyMulti | B6: 적 1명에게 다단 피해 | C6: BaseValue, HitCount, ScalingStat | D6: SingleEnemy | E6: HitEnemy * HitCount | F6: 타수만큼 반복 적용 | H6: Engineer | I6: Common | J6: Defense | K6: Deep | L6: Counter | M6: SingleEnemy | N6: Deep
A7: HitEnemySingleAoe | B7: 적 1명 주 피해 + 전체 적 광역 피해 | C7: BaseValue(주피해), SecondaryValue(광역) | D7: SingleEnemy | E7: HitEnemy + HitAllEnemies | F7: 선택 대상은 주 피해만, 광역은 자동으로 전체 적 | H7: Paladin | I7: Personal | J7: Special | K7: Surface | L7: Mark | M7: AllEnemies | N7: Surface
A8: HitAllEnemies | B8: 전체 적에게 동일 피해 | C8: BaseValue, ScalingStat | D8: AllEnemies | F8: 대상 선택 불필요 | H8: Assassin | I8: Event | L8: Evasion | M8: SingleAlly | N8: Basic
A9: StatusMark | B9: 적 1명에게 급소 부여 | C9: StatusEffect=Mark, StatusValue, StatusDuration | D9: SingleEnemy | F9: 선택한 대상에게 표식(급소 지정 버프) | H9: Shared | L9: Poison | M9: AllAllies | N9: Upgrade
A10: StatusPoison | B10: 적 1명에게 중독 부여 | C10: StatusEffect=Poison, StatusValue, StatusDuration | D10: SingleEnemy | F10: 선택한 대상에게 중독 부여 | H10: Monster | L10: SelfDamage
A11: HitEnemyMark | B11: 적 1명 피해 + 급소 부여 | C11: BaseValue, StatusEffect=Mark, StatusValue, StatusDuration | D11: SingleEnemy | E11: HitEnemy + StatusMark | F11: 표식 대상은 추가 피해 등 후속 효과 확장 가능 | H11: Event | L11: Brave
A12: HitEnemyPoison | B12: 적 1명 피해 + 중독 부여 | C12: BaseValue, StatusEffect=Poison, StatusValue, StatusDuration | D12: SingleEnemy | E12: HitEnemy + StatusPoison | F12: 매 사이클 종료 시 중독 수치만큼 도트 피해 | H12: Quest | L12: Protection
A13: DmgSelf | B13: 시전자 반동 피해 | C13: SelfDamage | D13: Self | F13: 자체 뎀 | L13: Ice
A14: HitEnemySelfDmg | B14: 적 1명 피해 + 시전자 반동 피해 | C14: BaseValue, SelfDamage | D14: SingleEnemy | E14: HitEnemy + DmgSelf | F14: 고위험 고보상 스킬 | L14: Lava
A15: ShieldSelf | B15: 자신에게 보호막 생성 | C15: BaseValue, ScalingStat | D15: Self | L15: Metal
A16: CounterSelf | B16: 자신 반격 부여 | C16: BaseValue, StatusEffect=Counter, StatusDuration, SecondaryValue | D16: Self | F16: 반격 상태 동안 피격 시 자동 반격, SecoundaryValue 만큼의 데미지 부여 | L16: Acid
A17: ShieldSelfCounter | B17: 자신 보호막 + 반격 부여 | C17: BaseValue, StatusEffect=Counter, StatusDuration | D17: Self | E17: ShieldSelf + CounterSelf | F17: 반격 상태 동안 피격 시 자동 반격 | L17: Fear
A18: ShieldAll | B18: 아군 전체에게 보호막 생성 | C18: BaseValue, ScalingStat | D18: AllAllies | L18: Fusion
A19: HealAlly | B19: 아군 1명 회복 | C19: BaseValue, ScalingStat | D19: SingleAlly | L19: Indomitable
A20: HealAll | B20: 아군 전체 회복 | C20: BaseValue, ScalingStat | D20: AllAllies | L20: Solid
A21: EvasionSelf | B21: 자신 회피 수치 증가(사이클 한정) | C21: StatusEffect=Evasion, StatusValue, StatusDuration | D21: Self | F21: 1사이클 동안 회피를 StatusValue만큼 증가시킨다. | L21: IronWall
A22: StatusPoisonAll | B22: 전체 적 중독 부여 | C22: StatusEffect=Poison, StatusValue, StatusDuration | D22: AllEnemies | L22: Absorption
A23: EvasionSelfPoisonAll | B23: 자신 회피 증가 + 전체 적 중독 부여 | C23: BaseValue, StatusEffect=Poison, StatusValue, StatusDuration | D23: AllEnemies | E23: EvasionSelf + PoisonAll | F23: 자신 회피 증가 후 전체 적에게 중독 부여 | L23: InternalInjury
A24: GainEnergy | B24: 즉시 행동 에너지 회복 | C24: BaseValue, ScalingStat | D24: Self | F24: 즉시 발동, 소모 자원 회복형 스킬 | L24: Reflux
A25: BraveSelf | B25: 자신에게 용기 부여 | C25: StatusEffect=Brave, StatusValue, StatusDuration | D25: Self | F25: 자신의 공격력을 StatusValue만큼 증가 | L25: Vitality
A26: BraveAll | B26: 아군 전체에게 용기 부여 | C26: StatusEffect=Brave, StatusValue, StatusDuration | D26: AllAllies | F26: 아군 전체의 공격력을 StatusValue만큼 증가 | L26: Immortality
A27: HitEnemyProtect | B27: 적 1명에게 단일 피해 + 방어 상승 | C27: BaseValue, ScalingStat, StatusEffect=Protection, StatusValue, StatusDuration | D27: SingleEnemy | E27: HitEnemy + ProtectSelf | F27: 적 1명 공격 후 자신의 방어를 StatusValue만큼 증가 | L27: Dark
A28: ProtectSelf | B28: 자신의 방어 상승 | C28: StatusEffect=Protection, StatusValue, StatusDuration | D28: Self | F28: 자신의 방어를 StatusValue만큼 증가 | L28: Flooding
A29: HitEnemyShield | B29: 적 공격 후 보호막 획득 | C29: BaseValue, ScalingStat, SecondaryValue | D29: SingleEnemy | E29: HitEnemy + ShieldSelf | F29: 적 1명 공격 후 자신의 보호막을 SecondaryValue만큼 획득 | L29: Blindness
A30: StatusLava | B30: 적 1명에게 용암 상태이상 부여 | C30: StatusEffect=Lava, StatusValue, StatusDuration | D30: SingleEnemy | F30: 방어를 StatusValue만큼 하락시키는 용암 디버프를 부여한다. | L30: Contrarywind
A31: StatusLavaAll | B31: 적 전체에게 용암 상태이상 부여 | C31: StatusEffect=Lava, StatusValue, StatusDuration | D31: AllEnemies | F31: 적 전체에게 방어를 StatusValue만큼 하락시키는 용암 디버프를 부여한다. | L31: Spirit
A32: StatusIce | B32: 적 1명에게 얼음 상태이상 부여 | C32: StatusEffect=Ice, StatusValue, StatusDuration | D32: SingleEnemy | F32: 적 1명에의 공격을 StatusValue만큼 하락시키는 얼음 디버프를 부여한다.
A33: StatusIceAll | B33: 적 전체에게 얼음 상태이상 부여 | C33: StatusEffect=Ice, StatusValue, StatusDuration | D33: AllEnemies | F33: 적 전체에게 공격을 StatusValue만큼 하락시키는 얼음 디버프를 부여한다.
A34: ShieldSelfPoisonAll | B34: 자신에게 보호막 생성 + 적 전체에게 중독 부여 | C34: BaseValue, ScalingStat, StatusEffect=Poison, StatusValue, StatusDuration | D34: AllEnemies | E34: ShieldSelf + StatusPoisonAll | F34: 보호막을 획득한 후, StatusValue만큼 중독을 부여한다.
A35: MetalSelf | B35: 자신에게 강철 부여 | C35: StatusEffect=Metal, StatusDuration | D35: Self | F35: 자신에게 한 사이클 동안 받는 데미지를 1로 고정되는 강철 버프를 부여한다.
A36: HitAllEnemiesLavaAll | B36: 적 전체에게 단일 데미지 + 적 전체 용암 디버프 | C36: BaseValue, ScalingStat, StatusEffect=Lava, StatusValue, StatusDuration | D36: AllEnemies | E36: HitAllEnemies + StatusLavaAll | F36: 적 전체에게 BaseValue만큼의 피해를 입히고, StatusVaule만큼 용암을 부여
A37: HitAllEnemiesIceAll | B37: 적 전체에게 단일 데미지 + 적 전체 얼음 디버프 | C37: BaseValue, ScalingStat, StatusEffect=Ice, StatusValue, StatusDuration | D37: AllEnemies | E37: HitAllEnemies + StatusIceAll | F37: 적 전체에게 BaseValue만큼의 피해를 입히고, StatusVaule만큼 얼음을 부여
A38: HitAllEnemiesPoisonAll | B38: 적 전체에게 단일 데미지 + 적 전체 중독 디버프 | C38: BaseValue, ScalingStat, StatusEffect=Poison, StatusValue, StatusDuration | D38: AllEnemies | E38: HitAllEnemies + StatusPoisonAll | F38: 적 전체에게 BaseValue만큼의 피해를 입히고, StatusVaule만큼 중독을 부여
A39: StatusAcid | B39: 적 1명에게 산성 부여 | C39: StatusEffect=Acid, StatusValue, StatusDuration | D39: SingleEnemy | F39: 적 1명에게 산성 부여
A40: StatusAcidAll | B40: 적 전체에게 산성 부여 | C40: StatusEffect=Acid, StatusValue, StatusDuration | D40: AllEnemies | F40: 적 전체에게 산성 부여
A41: HitAllEnemiesAcidAll | B41: 적 전체에게 단일 데미지 + 적 전체 산성 디버프 | C41: BaseValue, ScalingStat, StatusEffect=Acid, StatusValue, StatusDuration | D41: AllEnemies | E41: HitAllEnemies + StatusAcidAll | F41: 적 전체에게 BaseValue만큼의 피해를 입히고, StatusValue만큼 산성을 부여
A42: StatusFear | B42: 적 1명에게 공포 부여 | C42: StatusEffect=Fear, StatusValue, StatusDuration | D42: SingleEnemy | F42: 적 1명에게 공포 부여
A43: StatusFearAll | B43: 적 전체에게 공포 부여 | C43: StatusEffect=Fear, StatusValue, StatusDuration | D43: AllEnemies | F43: 적 전체에게 공포 부여
A44: HitAllEnemiesFearAll | B44: 적 전체에게 단일 데미지 + 적 전체 공포 디버프 | C44: BaseValue, ScalingStat, StatusEffect=Fear, StatusValue, StatusDuration | D44: AllEnemies | E44: HitAllEnemies + StatusFearAll | F44: 적 전체에게 BaseValue만큼의 피해를 입히고, StatusValue만큼 공포을 부여
A45: StatusFusion | B45: 적 1명에게 퓨전 부여 퓨전: 적에게 중독, 용암, 얼음 중 1가지를 랜덤으로 적용시킨다. | C45: StatusEffect=Fusion, StatusValue, StatusDuration | D45: SingleEnemy | F45: 적 1명에게 퓨전 부여 퓨전: 적에게 중독, 용암, 얼음 중 1가지를 랜덤으로 적용시킨다.
A46: StatusFusionAll | B46: 적 전체에게 퓨전 부여 퓨전: 적에게 중독, 용암, 얼음 중 1가지를 랜덤으로 적용시킨다. | C46: StatusEffect=Fusion, StatusValue, StatusDuration | D46: AllEnemies | F46: 적 전체에게 퓨전 부여 퓨전: 적에게 중독, 용암, 얼음 중 1가지를 랜덤으로 적용시킨다.
A47: HitAllEnemiesFusionAll | B47: 적 전체에게 단일 데미지 + 적 전체 퓨전 디버프 | C47: BaseValue, ScalingStat, StatusEffect=Fusion, StatusValue, StatusDuration | D47: AllEnemies | E47: HitAllEnemies + StatusFusionAll | F47: 적 전체에게 BaseValue만큼의 피해를 입히고, StatusValue만큼 퓨전을 부여
A48: HealAllBraveAll | B48: 아군 전체 회복 + 아군 전체 용기 버프 부여 | C48: BaseValue, ScalingStat, StatusEffect=Brave, StatusValue, StatusDuration | D48: AllAllies | E48: HealAll + BraveAll | F48: 아군 전체의 체력을 BaseValue만큼 회복하고, StatusValue만큼 용기 부여
A49: RevivalSelfAll | B49: 자신 부활 (100%) | D49: Self | F49: 체력의 100%만큼 부활, BaseValue만큼 부활
A50: RevivalSelfHalf | B50: 자신 부활 (50%) | D50: Self | F50: 체력의 50%만큼 부활, BaseValue만큼 부활
A51: IndomitableSelfAllyDead | B51: 자신에게 불굴 부여 + 아군 사망시 효과 사라짐 | C51: StatusEffect=Indomitable, StatusDuration | D51: Self | E51: IndomitableSelf | F51: 자신에게 불굴 부여, 단 아군 사망 시 효과는 사라짐
A52: HealSelf | B52: 자신 회복 | C52: BaseValue, ScalingStat | D52: Self | F52: 자신에게 수치만큼 회복
A53: GainMoney | B53: 던전 재화 획득 | C53: BaseValue | D53: Self | F53: 자신에게 수치만큼 던전 재화 지급
A54: RandomUpgrade | B54: 자신의 픽업 스킬을 +1강 강화한다. | C54: BaseValue | D54: Self | F54: 자신의 픽업 스킬 중 BaseValue만큼 +1강 강화한다.(BaseValue가 1이면 1개를, 3이면 랜덤으로 3번 강화)
A55: IndomitableSelf | B55: 자신에게 불굴 부여 | C55: StatusEffect=Indomitable, StatusDuration | D55: Self | F55: 자신에게 한 사이클 동안 받는 데미지를 1로 고정되는 불굴 버프를 부여한다.
A56: SolidSelf | B56: 자신의 방어 상승 | C56: StatusEffect=Solid, StatusValue, StatusDuration | D56: Self | F56: 자신의 방어를 StatusValue만큼 증가
A57: MaxHPUp | B57: 자신의 최대 체력 상승 | C57: BaseValue | D57: Self | F57: BaseValue만큼 최대체력 증가 (현재 체력도 동일한 수치만큼 증가)
A58: MaxHPDown | B58: 자신의 최대 체력 감소 | C58: BaseValue | D58: Self | F58: BaseValue만큼 최대체력 감소 (현재 체력이 감소된 최대 체력보다 높다면 최대 체력까지 감소)
A59: StatusMarkAll | B59: 적 전체에게 급소 부여 | C59: StatusEffect=Mark, StatusDuration | D59: AllEnemies | E59: StatusMark | F59: 적 전체에게 급소 부여
A60: IronWallSelf | B60: 자신에게 철벽 부여 | C60: StatusEffect=IronWall, StatusValue, StatusDuration | D60: Self | F60: 데미지를 받을 경우, Status만큼 데미지가 감소되는 철벽 버프를 StatusDuration만큼 부여한다.
A61: HitAllEnemiesMulti | B61: 적 전체에게 다단 피해 | C61: BaseValue, HitCount, ScalingStat | D61: AllEnemies | E61: HitAllEnemies + HitEnemyMulti | F61: 적 전체에게 BaseValue만큼의 데미지를 HitCount 만큼 입힌다.
A62: SolidAll | B62: 아군 전체의 방어 상승 | C62: StatusEffect=Solid, StatusValue, StatusDuration | D62: AllAllies | E62: SolidSelf | F62: 아군 전체의 방어를 StausValue만큼 증가
A63: HitAllEnemiesShield | B63: 적 전체에게 단일 피해 후 보호막 획득 | C63: BaseValue, ScalingStat, SecondaryValue | D63: AllEnemies | E63: HitAllEnemies + ShieldSelf | F63: 적 전체에게 BaseValue만큼의 데미지를 입히고 SecondaryValue만큼의 보호막을 획득한다.
A64: HitAllEnemiesMark | B64: 적 전체에게 단일 피해 후 급소 부여 | C64: BaseValue, StatusEffect=Mark, StatusValue, StatusDuration | D64: AllEnemies | E64: HitAllEnemies + StatusMark | F64: 적 전체에게 Basevalue만큼의 데미지를 입히고, 급소를 1사이클 동안 부여한다.
A65: ShieldSelfSolid | B65: 자신에게 보호막 부여 후 방어 상승 | C65: BaseValue, ScalingStat, StatusEffect=Solid, StatusValue, StatusDuration | D65: Self | E65: ShieldSelf + SolidSelf | F65: 자신에게 BaseValue만큼의 보호막을 부여하고, 견고글 StatusValue만큼 StatusDuration동안 부여한다.
A66: HitEnemyLava | B66: 적 1명 피해 + 용암 부여 | C66: BaseValue, ScalingStat, StatusEffect=Lava, StatusValue, StatusDuration | D66: SingleEnemy | E66: HitEnemy + StatusLava | F66: 적 1명에게 피해를 입히고 방어를 하락시키는 용암(허점) 디버프 부여
A67: HitEnemyIce | B67: 적 1명 피해 + 얼음 부여 | C67: BaseValue, ScalingStat, StatusEffect=Ice, StatusValue, StatusDuration | D67: SingleEnemy | E67: HitEnemy + StatusIce | F67: 적 1명에게 피해를 입히고 공격을 하락시키는 얼음(허약) 디버프 부여
A68: HitEnemyAcid | B68: 적 1명 피해 + 산성(과욕) 부여 | C68: BaseValue, ScalingStat, StatusEffect=Acid, StatusValue, StatusDuration | D68: SingleEnemy | E68: HitEnemy + StatusAcid | F68: 적 1명에게 피해를 입히고 에너지 소모가 증가하는 산성(과욕) 디버프 부여
A69: HitEnemyFear | B69: 적 1명 피해 + 공포 부여 | C69: BaseValue, ScalingStat, StatusEffect=Fear, StatusValue, StatusDuration | D69: SingleEnemy | E69: HitEnemy + StatusFear | F69: 적 1명에게 피해를 입히고 최종 데미지를 감소시키는 공포 디버프 부여
A70: StatusInternalInjury | B70: 적 1명에게 내상 부여 | C70: StatusEffect=InternalInjury, StatusValue, StatusDuration | D70: SingleEnemy | F70: 스킬 에너지를 사용할 때마다 수치만큼 데미지를 받는 내상 디버프 부여
A71: StatusInternalInjuryAll | B71: 적 전체에게 내상 부여 | C71: StatusEffect=InternalInjury, StatusValue, StatusDuration | D71: AllEnemies | E71: StatusInternalInjury | F71: 적 전체에게 스킬 에너지를 사용할 때마다 데미지를 받는 내상 디버프 부여
A72: HitEnemyInternalInjury | B72: 적 1명 피해 + 내상 부여 | C72: BaseValue, ScalingStat, StatusEffect=InternalInjury, StatusValue, StatusDuration | D72: SingleEnemy | E72: HitEnemy + StatusInternalInjury | F72: 적 1명에게 피해를 입히고 내상 디버프 부여
A73: HitAllEnemiesInternalInjuryAll | B73: 적 전체에게 단일 데미지 + 적 전체 내상 디버프 | C73: BaseValue, ScalingStat, StatusEffect=InternalInjury, StatusValue, StatusDuration | D73: AllEnemies | E73: HitAllEnemies + StatusInternalInjuryAll | F73: 적 전체에게 BaseValue만큼의 피해를 입히고, StatusValue만큼 내상을 부여
A74: AbsorptionSelf | B74: 자신에게 흡수 부여 | C74: StatusEffect=Absorption, StatusValue, StatusDuration | D74: Self | F74: 피격 시 받은 데미지의 StatusValue%만큼 회복하는 흡수 버프 부여
A75: ShieldSelfAbsorption | B75: 자신에게 보호막 부여 후 흡수 부여 | C75: BaseValue, ScalingStat, StatusEffect=Absorption, StatusValue, StatusDuration | D75: Self | E75: ShieldSelf + AbsorptionSelf | F75: 자신에게 BaseValue만큼의 보호막을 부여하고, 피격 시 회복하는 흡수 버프 부여
A76: ShieldSelfProtect | B76: 자신에게 보호막 부여 후 가호(방어 상승) 부여 | C76: BaseValue, ScalingStat, StatusEffect=Protection, StatusValue, StatusDuration | D76: Self | E76: ShieldSelf + ProtectSelf | F76: 자신에게 BaseValue만큼의 보호막을 부여하고, 가호를 StatusValue만큼 부여
A77: ShieldSelfEvasion | B77: 자신에게 보호막 부여 후 민첩(회피 상승) 부여 | C77: BaseValue, ScalingStat, StatusEffect=Evasion, StatusValue, StatusDuration | D77: Self | E77: ShieldSelf + EvasionSelf | F77: 자신에게 BaseValue만큼의 보호막을 부여하고, 민첩을 StatusValue만큼 부여
A78: ShieldSelfIronWall | B78: 자신에게 보호막 부여 후 철벽 부여 | C78: BaseValue, ScalingStat, StatusEffect=IronWall, StatusValue, StatusDuration | D78: Self | E78: ShieldSelf + IronWallSelf | F78: 자신에게 BaseValue만큼의 보호막을 부여하고, 철벽을 StatusValue만큼 부여
A79: HealSelfProtect | B79: 자신 회복 후 가호(방어 상승) 부여 | C79: BaseValue, ScalingStat, StatusEffect=Protection, StatusValue, StatusDuration | D79: Self | E79: HealSelf + ProtectSelf | F79: 자신의 체력을 BaseValue만큼 회복하고, 가호를 StatusValue만큼 부여
A80: HitEnemyHealSelf | B80: 적 1명 피해 후 자신 회복 | C80: BaseValue, ScalingStat, SecondaryValue | D80: SingleEnemy | E80: HitEnemy + HealSelf | F80: 적 1명에게 BaseValue만큼의 피해를 입히고, 자신의 체력을 SecondaryValue만큼 회복
A81: HitAllEnemiesHealSelf | B81: 적 전체에게 단일 피해 후 자신 회복 | C81: BaseValue, ScalingStat, SecondaryValue | D81: AllEnemies | E81: HitAllEnemies + HealSelf | F81: 적 전체에게 BaseValue만큼의 피해를 입히고, 자신의 체력을 SecondaryValue만큼 회복
A82: HitEnemyHealSelfIce | B82: 적 1명 피해 + 자신 회복 + 얼음 부여 | C82: BaseValue, ScalingStat, SecondaryValue, StatusEffect=Ice, StatusValue, StatusDuration | D82: SingleEnemy | E82: HitEnemyHealSelf + StatusIce | F82: 적 1명 공격 및 자신 체력 회복 후 대상에게 얼음(허약) 디버프 부여
A83: HitAllEnemiesHealSelfIceAll | B83: 적 전체 피해 + 자신 회복 + 적 전체 얼음 부여 | C83: BaseValue, ScalingStat, SecondaryValue, StatusEffect=Ice, StatusValue, StatusDuration | D83: AllEnemies | E83: HitAllEnemiesHealSelf + StatusIceAll | F83: 적 전체에게 피해를 입히고 SecondaryValue만큼 체력을 회복한 뒤 적 전체에 얼음 부여
A84: HitEnemyShieldMetal | B84: 적 1명 피해 후 보호막 획득 + 강철 부여 | C84: BaseValue, ScalingStat, SecondaryValue, StatusEffect=Metal, StatusDuration | D84: SingleEnemy | E84: HitEnemyShield + MetalSelf | F84: 적 1명에게 피해를 입히고 SecondaryValue만큼 보호막 획득 후 1사이클 강철 부여
A85: HitAllEnemiesShieldMetal | B85: 적 전체 피해 후 보호막 획득 + 강철 부여 | C85: BaseValue, ScalingStat, SecondaryValue, StatusEffect=Metal, StatusDuration | D85: AllEnemies | E85: HitAllEnemiesShield + MetalSelf | F85: 적 전체에게 피해를 입히고 SecondaryValue만큼 보호막 획득 후 1사이클 강철 부여
A86: BlindnessSelf | B86: 자신에게 불굴(실명) 부여 | C86: StatusEffect=Blindness, StatusDuration | D86: Self | F86: 자신에게 한 사이클 동안 받는 데미지를 1로 고정되는 불굴(실명) 버프를 부여한다.
A87: SpiritSelf | B87: 자신에게 불굴(정령화) 부여 | C87: StatusEffect=Spirit, StatusDuration | D87: Self | F87: 자신에게 한 사이클 동안 받는 데미지를 1로 고정되는 불굴(정령화) 버프를 부여한다.
A88: StatusDark | B88: 적 1명에게 과욕(어둠) 부여 | C88: StatusEffect=Dark, StatusValue, StatusDuration | D88: SingleEnemy | F88: 적 1명에게 에너지 소모가 증가하는 과욕(어둠) 디버프 부여
A89: StatusDarkAll | B89: 적 전체에게 과욕(어둠) 부여 | C89: StatusEffect=Dark, StatusValue, StatusDuration | D89: AllEnemies | E89: StatusDark | F89: 적 전체에게 에너지 소모가 증가하는 과욕(어둠) 디버프 부여
A90: HitEnemyDark | B90: 적 1명 피해 + 과욕(어둠) 부여 | C90: BaseValue, ScalingStat, StatusEffect=Dark, StatusValue, StatusDuration | D90: SingleEnemy | E90: HitEnemy + StatusDark | F90: 적 1명에게 피해를 입히고 에너지 소모가 증가하는 과욕(어둠) 디버프 부여
A91: HitAllEnemiesDarkAll | B91: 적 전체에게 단일 데미지 + 적 전체 과욕(어둠) 디버프 | C91: BaseValue, ScalingStat, StatusEffect=Dark, StatusValue, StatusDuration | D91: AllEnemies | E91: HitAllEnemies + StatusDarkAll | F91: 적 전체에게 BaseValue만큼의 피해를 입히고, StatusValue만큼 과욕(어둠)을 부여
A92: StatusFlooding | B92: 적 1명에게 허약(침수) 부여 | C92: StatusEffect=Flooding, StatusValue, StatusDuration | D92: SingleEnemy | F92: 적 1명에게 공격을 하락시키는 허약(침수) 디버프 부여
A93: StatusFloodingAll | B93: 적 전체에게 허약(침수) 부여 | C93: StatusEffect=Flooding, StatusValue, StatusDuration | D93: AllEnemies | E93: StatusFlooding | F93: 적 전체에게 공격을 하락시키는 허약(침수) 디버프 부여
A94: HitEnemyFlooding | B94: 적 1명 피해 + 허약(침수) 부여 | C94: BaseValue, ScalingStat, StatusEffect=Flooding, StatusValue, StatusDuration | D94: SingleEnemy | E94: HitEnemy + StatusFlooding | F94: 적 1명에게 피해를 입히고 공격을 하락시키는 허약(침수) 디버프 부여
A95: HitAllEnemiesFloodingAll | B95: 적 전체에게 단일 데미지 + 적 전체 허약(침수) 디버프 | C95: BaseValue, ScalingStat, StatusEffect=Flooding, StatusValue, StatusDuration | D95: AllEnemies | E95: HitAllEnemies + StatusFloodingAll | F95: 적 전체에게 BaseValue만큼의 피해를 입히고, StatusValue만큼 허약(침수)을 부여
A96: StatusContrarywind | B96: 적 1명에게 공포(역풍) 부여 | C96: StatusEffect=Contrarywind, StatusValue, StatusDuration | D96: SingleEnemy | F96: 적 1명에게 최종 데미지를 감소시키는 공포(역풍) 디버프 부여
A97: StatusContrarywindAll | B97: 적 전체에게 공포(역풍) 부여 | C97: StatusEffect=Contrarywind, StatusValue, StatusDuration | D97: AllEnemies | E97: StatusContrarywind | F97: 적 전체에게 최종 데미지를 감소시키는 공포(역풍) 디버프 부여
A98: HitEnemyContrarywind | B98: 적 1명 피해 + 공포(역풍) 부여 | C98: BaseValue, ScalingStat, StatusEffect=Contrarywind, StatusValue, StatusDuration | D98: SingleEnemy | E98: HitEnemy + StatusContrarywind | F98: 적 1명에게 피해를 입히고 최종 데미지를 감소시키는 공포(역풍) 디버프 부여
A99: HitAllEnemiesContrarywindAll | B99: 적 전체에게 단일 데미지 + 적 전체 공포(역풍) 디버프 | C99: BaseValue, ScalingStat, StatusEffect=Contrarywind, StatusValue, StatusDuration | D99: AllEnemies | E99: HitAllEnemies + StatusContrarywindAll | F99: 적 전체에게 BaseValue만큼의 피해를 입히고, StatusValue만큼 공포(역풍)를 부여
A100: GainEnergyProtectSelf | B100: 즉시 행동 에너지 회복 + 자신에게 가호(방어 상승) 부여 | C100: BaseValue, StatusEffect=Protection, StatusValue, StatusDuration | D100: Self | E100: GainEnergy + ProtectSelf | F100: 행동 에너지를 BaseValue만큼 회복하고, StatusDuration 동안 가호(방어 상승) 부여
A101: GainEnergyIndomitableSelf | B101: 즉시 행동 에너지 회복 + 자신에게 불굴 부여 | C101: BaseValue, StatusEffect=Indomitable, StatusDuration | D101: Self | E101: GainEnergy + IndomitableSelf | F101: 행동 에너지를 BaseValue만큼 회복하고, StatusDuration 동안 받는 피해가 1로 고정되는 불굴 부여
...

Sheet Enum_State
A1: 버프 및 디버프 Enum 관리
A2: 같은 그룹일 경우 버프 및 디버프 이름이 달라도 같은 효과를 가지며, 중복이 불가능 하다.
A3: 인게임에선 "시스템이름(테마이름)" 이런식으로 출력된다. 둘이 같을 경우 시스템 이름만 출력
B4: GroupId | C4: State Name | D4: 시스템 이름 | E4: 테마 이름 | F4: 종류 | G4: 효과 | H4: TriggerTimer | I4: 비고
B5: State_CostDamage | C5: Reflux | D5: 역류 | E5: 역류 | F5: 디버프 | G5: 에너지를 사용할 때마다 수치만큼 데미지를 받습니다. | I5: 기본 에너지만 적용 | L5: TD | M5: 받는 데미지 | N5: 버프
B6: State_CostUp | C6: Acid | D6: 과욕 | E6: 산성 | F6: 디버프 | G6: 스킬 사용시 에너지 소모량이 1 증가한다. | I6: 기본 에너지만 적용 | L6: FD | M6: 최종 데미지 | N6: 디버프
B7: State_CostUp | C7: Dark | D7: 과욕 | E7: 어둠 | F7: 디버프 | G7: 스킬 사용시 에너지 소모량이 1 증가한다. | H7: OnTakeDamage | I7: 기본 에너지만 적용 | L7: Cost | M7: 에너지 소모
B8: State_Counter | C8: Counter | D8: 반격 | E8: 반격 | F8: 버프 | G8: SecondaryValue만큼의 데미지를 자신을 공격한 대상에게 준다. | H8: OnTakeDamage | I8: 기본 에너지만 적용 | L8: Energy | M8: 기본 에너지
B9: State_EnergyUp | C9: Vitality | D9: 활력 | E9: 활력 | F9: 버프 | G9: 자신의 턴 시작 시 에너지를 수치만큼 추가로 얻는다. | H9: OnTurnStart | I9: 기본 에너지만 적용 | L9: SkillCost | M9: 스킬 에너지 소모
B10: State_Immortality | C10: Immortality | D10: 불사 | E10: 불사 | F10: 버프 | G10: 체력이 1 이하로 내려가지 않습니다. | H10: OnTakeDamage | L10: SkillEnergy | M10: 스킬 에너지
B11: State_Poison | C11: Poison | D11: 중독 | E11: 중독 | F11: 디버프 | G11: 자신의 턴 종료시 수치만큼의 데미지를 받는다. | H11: OnTurnEnd
B12: State_RandomState | C12: Fusion | D12: 퓨전 | E12: 퓨전 | F12: 디버프 | G12: 중독, 용암, 얼음을 랜덤으로 적용시킨다. | I12: 스킬 에너지만 적용
B13: State_SkillCostDamage | C13: InternalInjury | D13: 내상 | E13: 내상 | F13: 디버프 | G13: 스킬 에너지를 사용할 때마다 수치만큼 데미지를 받습니다. | I13: 스킬 에너지만 적용
B14: State_StatDown_ATK | C14: Ice | D14: 허약 | E14: 얼음 | F14: 디버프 | G14: 수치만큼 공격 스텟이 하락한다.
B15: State_StatDown_ATK | C15: Flooding | D15: 허약 | E15: 침수 | F15: 디버프 | G15: 수치만큼 공격 스텟이 하락한다.
B16: State_StatDown_DEF | C16: Lava | D16: 허점 | E16: 용암 | F16: 디버프 | G16: 수치만큼 방어 스텟이 하락한다.
B17: State_StatUp_ATK | C17: Brave | D17: 용기 | E17: 용기 | F17: 버프 | G17: 수치만큼 공격 스텟이 오른다.
B18: State_StatUp_DEF | C18: Protection | D18: 견고 | E18: 가호 | F18: 버프 | G18: 수치만큼 방어 스텟이 오른다.
B19: State_StatUp_DEF | C19: Solid | D19: 견고 | E19: 견고 | F19: 버프 | G19: 수치만큼 방어 스텟이 오른다. | H19: OnTakeDamage
B20: State_StatUp_EVA | C20: Evasion | D20: 민첩 | E20: 민첩 | F20: 버프 | G20: 수치만큼 회피 스텟이 증가한다. | H20: OnTakeDamage
B21: State_TD1 | C21: Indomitable | D21: 불굴 | E21: 불굴 | F21: 버프 | G21: 한 사이클 동안 받는 데미지가 1로 고정된다. | H21: OnTakeDamage
B22: State_TD1 | C22: Metal | D22: 불굴 | E22: 강철 | F22: 버프 | G22: 한 사이클 동안 받는 데미지가 1로 고정된다. | H22: OnTakeDamage | I22: StatusValue가 없다면 BaseValue로 적용
B23: State_TD1 | C23: Spirit | D23: 불굴 | E23: 정령화 | F23: 버프 | G23: 한 사이클 동안 받는 데미지가 1로 고정된다. | H23: OnTakeDamage | I23: StatusValue가 없다면 BaseValue로 적용
B24: State_TD1 | C24: Blindness | D24: 불굴 | E24: 실명 | F24: 버프 | G24: 한 사이클 동안 받는 데미지가 1로 고정된다. | H24: OnTakeDamage
B25: State_FDDown | C25: Fear | D25: 공포 | E25: 공포 | F25: 디버프 | G25: 최종 데미지를 25%만큼 감소시킨다. | H25: OnTakeDamage | I25: StatusValue가 없다면 BaseValue로 적용
B26: State_FDDown | C26: Contrarywind | D26: 공포 | E26: 역풍 | F26: 디버프 | G26: 최종 데미지를 25%만큼 감소시킨다. | H26: None | I26: None
B27: State_TDHeal | C27: Absorption | D27: 흡수 | E27: 흡수 | F27: 버프 | G27: 데미지를 받을 경우 받은 데미지의 StatusValue%만큼 회복합니다. | H27: OnTakeDamage | I27: StatusValue가 없다면 BaseValue로 적용
B28: State_TDUp | C28: Mark | D28: 급소 | E28: 급소 | F28: 디버프 | G28: 받는 데미지가 25% 증가한다. | H28: OnTakeDamage
B29: State_TDDownInt | C29: IronWall | D29: 철벽 | E29: 철벽 | F29: 버프 | G29: 받는 데미지가 StatusValue만큼 줄어든다. | H29: OnTakeDamage | I29: StatusValue가 없다면 BaseValue로 적용
B30: State_SelfDamage | C30: SelfDamage | D30: 반동 피해 | E30: 반동 피해 | F30: 디버프 | G30: 스킬 사용 시 시전자가 수치만큼 반동 피해를 받는다. | H30: OnSkillUsed | I30: SelfDamage 수치만큼 즉시 피해
B31: None | C31: None | D31: None | E31: None | F31: None | G31: None | H31: None | I31: None

Sheet Relic_DataTable
N2: 영구지속: -1 | T2: 계층·효과별 이론적 기준가 (상점 미등장 유물도 가치 산출) | U2: ActionKind 자동 분류 카테고리
A3: RowName | B3: RelicName_KR | C3: RelicDesc_KR | D3: RelicTier | E3: TriggerTiming | F3: ActionKind | G3: TargetType | H3: BaseValue | I3: ScalingStat | J3: ScalingRatio | K3: StatusEffect | L3: OnSkill | M3: StatusValue | N3: StatusDuration | O3: RemainBattle | P3: OwnerClass | Q3: BuyPrice_Dungeon | R3: SellPrice_Dungeon | S3: SellPrice_Gold | T3: Calc_StandardPrice | U3: Effect_Category
A4: RLC_Common_001 | B4: 전사의 증표 | C4: 전투 시작 시 공격 1 증가 | D4: Surface | E4: OnBattleStart | F4: BraveSelf | G4: Self | H4: 0 | J4: 0 | K4: Brave | M4: 1 | N4: -1 | O4: -1 | P4: Shared | Q4: =IF(E4="OnGainRelic", 0, IF(OR(P4="Quest", P4="Monster", P4="Event", D4="Basic", D4="Upgrade"), -1, MIN(IFERROR(VLOOKUP(D4, Relic_Price_Config!$A$5:$E$9, 4, FALSE), 350), MAX(IFERROR(VLOOKUP(D4, Relic_Price_Config!$A$5:$E$9, 3, FALSE), 210), ROUND((IFERROR(VLOOKUP(F4, Relic_Price_Config!$G$5:$N$100, 4, FALSE), 280) + N(H4) * IFERROR(VLOOKUP(F4, Relic_Price_Config!$G$5:$N$100, 5, FALSE), 10) + ABS(N(M4)) * IFERROR(VLOOKUP(F4, Relic_Price_Config!$G$5:$N$100, 6, FALSE), 15) + IF(N(N4)>1, (N(N4)-1)*10, 0)) * IFERROR(VLOOKUP(D4, Relic_Price_Config!$A$5:$E$9, 2, FALSE), 1), 0))))) -> 305 | R4: =IF(OR(E4="OnGainRelic", O4>0), 0, ROUND((IF(Q4>0, Q4, T4)*0.7)/5, 0)*5) -> 215 | S4: =IF(OR(E4="OnGainRelic", O4>0), 0, ROUND((IF(Q4>0, Q4, T4)*1.3)/5, 0)*5) -> 395 | T4: =IF(E4="OnGainRelic", 0, MIN(IFERROR(VLOOKUP(D4, Relic_Price_Config!$A$5:$E$9, 4, FALSE), 350), MAX(IFERROR(VLOOKUP(D4, Relic_Price_Config!$A$5:$E$9, 3, FALSE), 210), ROUND((IFERROR(VLOOKUP(F4, Relic_Price_Config!$G$5:$N$100, 4, FALSE), 280) + N(H4) * IFERROR(VLOOKUP(F4, Relic_Price_Config!$G$5:$N$100, 5, FALSE), 10) + ABS(N(M4)) * IFERROR(VLOOKUP(F4, Relic_Price_Config!$G$5:$N$100, 6, FALSE), 15) + IF(N(N4)>1, (N(N4)-1)*10, 0)) * IFERROR(VLOOKUP(D4, Relic_Price_Config!$A$5:$E$9, 2, FALSE), 1), 0)))) -> 305 | U4: =IF(E4="OnGainRelic", "획득 시 즉발 (0원)", IFERROR(VLOOKUP(F4, Relic_Price_Config!$G$5:$N$100, 2, FALSE), "기타 효과")) -> 공격 증가 [아군 공격 상승]
A5: RLC_Common_002 | B5: 견습 기사의 방패 | C5: 전투 시작 시 방어 1 증가 | D5: Surface | E5: OnBattleStart | F5: ProtectSelf | G5: Self | H5: 0 | J5: 0 | K5: Protection | M5: 1 | N5: -1 | O5: -1 | P5: Shared | Q5: =IF(E5="OnGainRelic", 0, IF(OR(P5="Quest", P5="Monster", P5="Event", D5="Basic", D5="Upgrade"), -1, MIN(IFERROR(VLOOKUP(D5, Relic_Price_Config!$A$5:$E$9, 4, FALSE), 350), MAX(IFERROR(VLOOKUP(D5, Relic_Price_Config!$A$5:$E$9, 3, FALSE), 210), ROUND((IFERROR(VLOOKUP(F5, Relic_Price_Config!$G$5:$N$100, 4, FALSE), 280) + N(H5) * IFERROR(VLOOKUP(F5, Relic_Price_Config!$G$5:$N$100, 5, FALSE), 10) + ABS(N(M5)) * IFERROR(VLOOKUP(F5, Relic_Price_Config!$G$5:$N$100, 6, FALSE), 15) + IF(N(N5)>1, (N(N5)-1)*10, 0)) * IFERROR(VLOOKUP(D5, Relic_Price_Config!$A$5:$E$9, 2, FALSE), 1), 0))))) -> 305 | R5: =IF(OR(E5="OnGainRelic", O5>0), 0, ROUND((IF(Q5>0, Q5, T5)*0.7)/5, 0)*5) -> 215 | S5: =IF(OR(E5="OnGainRelic", O5>0), 0, ROUND((IF(Q5>0, Q5, T5)*1.3)/5, 0)*5) -> 395 | T5: =IF(E5="OnGainRelic", 0, MIN(IFERROR(VLOOKUP(D5, Relic_Price_Config!$A$5:$E$9, 4, FALSE), 350), MAX(IFERROR(VLOOKUP(D5, Relic_Price_Config!$A$5:$E$9, 3, FALSE), 210), ROUND((IFERROR(VLOOKUP(F5, Relic_Price_Config!$G$5:$N$100, 4, FALSE), 280) + N(H5) * IFERROR(VLOOKUP(F5, Relic_Price_Config!$G$5:$N$100, 5, FALSE), 10) + ABS(N(M5)) * IFERROR(VLOOKUP(F5, Relic_Price_Config!$G$5:$N$100, 6, FALSE), 15) + IF(N(N5)>1, (N(N5)-1)*10, 0)) * IFERROR(VLOOKUP(D5, Relic_Price_Config!$A$5:$E$9, 2, FALSE), 1), 0)))) -> 305 | U5: =IF(E5="OnGainRelic", "획득 시 즉발 (0원)", IFERROR(VLOOKUP(F5, Relic_Price_Config!$G$5:$N$100, 2, FALSE), "기타 효과")) -> 방어 증가 [아군 방어 상승]
A6: RLC_Common_003 | B6: 보조 배터리 | C6: 전투 시작 시 에너지 1 추가 | D6: Surface | E6: OnBattleStart | F6: GainEnergy | G6: Self | H6: 1 | J6: 0 | M6: 0 | N6: 0 | O6: -1 | P6: Shared | Q6: =IF(E6="OnGainRelic", 0, IF(OR(P6="Quest", P6="Monster", P6="Event", D6="Basic", D6="Upgrade"), -1, MIN(IFERROR(VLOOKUP(D6, Relic_Price_Config!$A$5:$E$9, 4, FALSE), 350), MAX(IFERROR(VLOOKUP(D6, Relic_Price_Config!$A$5:$E$9, 3, FALSE), 210), ROUND((IFERROR(VLOOKUP(F6, Relic_Price_Config!$G$5:$N$100, 4, FALSE), 280) + N(H6) * IFERROR(VLOOKUP(F6, Relic_Price_Config!$G$5:$N$100, 5, FALSE), 10) + ABS(N(M6)) * IFERROR(VLOOKUP(F6, Relic_Price_Config!$G$5:$N$100, 6, FALSE), 15) + IF(N(N6)>1, (N(N6)-1)*10, 0)) * IFERROR(VLOOKUP(D6, Relic_Price_Config!$A$5:$E$9, 2, FALSE), 1), 0))))) -> 330 | R6: =IF(OR(E6="OnGainRelic", O6>0), 0, ROUND((IF(Q6>0, Q6, T6)*0.7)/5, 0)*5) -> 230 | S6: =IF(OR(E6="OnGainRelic", O6>0), 0, ROUND((IF(Q6>0, Q6, T6)*1.3)/5, 0)*5) -> 430 | T6: =IF(E6="OnGainRelic", 0, MIN(IFERROR(VLOOKUP(D6, Relic_Price_Config!$A$5:$E$9, 4, FALSE), 350), MAX(IFERROR(VLOOKUP(D6, Relic_Price_Config!$A$5:$E$9, 3, FALSE), 210), ROUND((IFERROR(VLOOKUP(F6, Relic_Price_Config!$G$5:$N$100, 4, FALSE), 280) + N(H6) * IFERROR(VLOOKUP(F6, Relic_Price_Config!$G$5:$N$100, 5, FALSE), 10) + ABS(N(M6)) * IFERROR(VLOOKUP(F6, Relic_Price_Config!$G$5:$N$100, 6, FALSE), 15) + IF(N(N6)>1, (N(N6)-1)*10, 0)) * IFERROR(VLOOKUP(D6, Relic_Price_Config!$A$5:$E$9, 2, FALSE), 1), 0)))) -> 330 | U6: =IF(E6="OnGainRelic", "획득 시 즉발 (0원)", IFERROR(VLOOKUP(F6, Relic_Price_Config!$G$5:$N$100, 2, FALSE), "기타 효과")) -> 에너지 관련 (행동력 추가)
A7: RLC_Common_004 | B7: 방어 보조 모듈 | C7: 타격 시 보호막 2 획득 | D7: Surface | E7: OnHitEnemy | F7: ShieldSelf | G7: Self | H7: 2 | J7: 0 | M7: 0 | N7: 0 | O7: -1 | P7: Shared | Q7: =IF(E7="OnGainRelic", 0, IF(OR(P7="Quest", P7="Monster", P7="Event", D7="Basic", D7="Upgrade"), -1, MIN(IFERROR(VLOOKUP(D7, Relic_Price_Config!$A$5:$E$9, 4, FALSE), 350), MAX(IFERROR(VLOOKUP(D7, Relic_Price_Config!$A$5:$E$9, 3, FALSE), 210), ROUND((IFERROR(VLOOKUP(F7, Relic_Price_Config!$G$5:$N$100, 4, FALSE), 280) + N(H7) * IFERROR(VLOOKUP(F7, Relic_Price_Config!$G$5:$N$100, 5, FALSE), 10) + ABS(N(M7)) * IFERROR(VLOOKUP(F7, Relic_Price_Config!$G$5:$N$100, 6, FALSE), 15) + IF(N(N7)>1, (N(N7)-1)*10, 0)) * IFERROR(VLOOKUP(D7, Relic_Price_Config!$A$5:$E$9, 2, FALSE), 1), 0))))) -> 300 | R7: =IF(OR(E7="OnGainRelic", O7>0), 0, ROUND((IF(Q7>0, Q7, T7)*0.7)/5, 0)*5) -> 210 | S7: =IF(OR(E7="OnGainRelic", O7>0), 0, ROUND((IF(Q7>0, Q7, T7)*1.3)/5, 0)*5) -> 390 | T7: =IF(E7="OnGainRelic", 0, MIN(IFERROR(VLOOKUP(D7, Relic_Price_Config!$A$5:$E$9, 4, FALSE), 350), MAX(IFERROR(VLOOKUP(D7, Relic_Price_Config!$A$5:$E$9, 3, FALSE), 210), ROUND((IFERROR(VLOOKUP(F7, Relic_Price_Config!$G$5:$N$100, 4, FALSE), 280) + N(H7) * IFERROR(VLOOKUP(F7, Relic_Price_Config!$G$5:$N$100, 5, FALSE), 10) + ABS(N(M7)) * IFERROR(VLOOKUP(F7, Relic_Price_Config!$G$5:$N$100, 6, FALSE), 15) + IF(N(N7)>1, (N(N7)-1)*10, 0)) * IFERROR(VLOOKUP(D7, Relic_Price_Config!$A$5:$E$9, 2, FALSE), 1), 0)))) -> 300 | U7: =IF(E7="OnGainRelic", "획득 시 즉발 (0원)", IFERROR(VLOOKUP(F7, Relic_Price_Config!$G$5:$N$100, 2, FALSE), "기타 효과")) -> 방어 관련 [보호막 획득]
A8: RLC_Common_005 | B8: 유탄 발사기 | C8: 전투 시작 시 적 전체에게 5 데미지 부여 | D8: Surface | E8: OnBattleStart | F8: HitAllEnemies | G8: AllEnemies | H8: 5 | J8: 0 | M8: 0 | N8: 0 | O8: -1 | P8: Shared | Q8: =IF(E8="OnGainRelic", 0, IF(OR(P8="Quest", P8="Monster", P8="Event", D8="Basic", D8="Upgrade"), -1, MIN(IFERROR(VLOOKUP(D8, Relic_Price_Config!$A$5:$E$9, 4, FALSE), 350), MAX(IFERROR(VLOOKUP(D8, Relic_Price_Config!$A$5:$E$9, 3, FALSE), 210), ROUND((IFERROR(VLOOKUP(F8, Relic_Price_Config!$G$5:$N$100, 4, FALSE), 280) + N(H8) * IFERROR(VLOOKUP(F8, Relic_Price_Config!$G$5:$N$100, 5, FALSE), 10) + ABS(N(M8)) * IFERROR(VLOOKUP(F8, Relic_Price_Config!$G$5:$N$100, 6, FALSE), 15) + IF(N(N8)>1, (N(N8)-1)*10, 0)) * IFERROR(VLOOKUP(D8, Relic_Price_Config!$A$5:$E$9, 2, FALSE), 1), 0))))) -> 310 | R8: =IF(OR(E8="OnGainRelic", O8>0), 0, ROUND((IF(Q8>0, Q8, T8)*0.7)/5, 0)*5) -> 215 | S8: =IF(OR(E8="OnGainRelic", O8>0), 0, ROUND((IF(Q8>0, Q8, T8)*1.3)/5, 0)*5) -> 405 | T8: =IF(E8="OnGainRelic", 0, MIN(IFERROR(VLOOKUP(D8, Relic_Price_Config!$A$5:$E$9, 4, FALSE), 350), MAX(IFERROR(VLOOKUP(D8, Relic_Price_Config!$A$5:$E$9, 3, FALSE), 210), ROUND((IFERROR(VLOOKUP(F8, Relic_Price_Config!$G$5:$N$100, 4, FALSE), 280) + N(H8) * IFERROR(VLOOKUP(F8, Relic_Price_Config!$G$5:$N$100, 5, FALSE), 10) + ABS(N(M8)) * IFERROR(VLOOKUP(F8, Relic_Price_Config!$G$5:$N$100, 6, FALSE), 15) + IF(N(N8)>1, (N(N8)-1)*10, 0)) * IFERROR(VLOOKUP(D8, Relic_Price_Config!$A$5:$E$9, 2, FALSE), 1), 0)))) -> 310 | U8: =IF(E8="OnGainRelic", "획득 시 즉발 (0원)", IFERROR(VLOOKUP(F8, Relic_Price_Config!$G$5:$N$100, 2, FALSE), "기타 효과")) -> 광역 피해 [전체 데미지]
A9: RLC_Common_006 | B9: 최하급 재생 플라스크 | C9: 전투 시작 시 체력 3 회복 | D9: Surface | E9: OnBattleStart | F9: HealSelf | G9: Self | H9: 3 | J9: 0 | M9: 0 | N9: 0 | O9: -1 | P9: Shared | Q9: =IF(E9="OnGainRelic", 0, IF(OR(P9="Quest", P9="Monster", P9="Event", D9="Basic", D9="Upgrade"), -1, MIN(IFERROR(VLOOKUP(D9, Relic_Price_Config!$A$5:$E$9, 4, FALSE), 350), MAX(IFERROR(VLOOKUP(D9, Relic_Price_Config!$A$5:$E$9, 3, FALSE), 210), ROUND((IFERROR(VLOOKUP(F9, Relic_Price_Config!$G$5:$N$100, 4, FALSE), 280) + N(H9) * IFERROR(VLOOKUP(F9, Relic_Price_Config!$G$5:$N$100, 5, FALSE), 10) + ABS(N(M9)) * IFERROR(VLOOKUP(F9, Relic_Price_Config!$G$5:$N$100, 6, FALSE), 15) + IF(N(N9)>1, (N(N9)-1)*10, 0)) * IFERROR(VLOOKUP(D9, Relic_Price_Config!$A$5:$E$9, 2, FALSE), 1), 0))))) -> 315 | R9: =IF(OR(E9="OnGainRelic", O9>0), 0, ROUND((IF(Q9>0, Q9, T9)*0.7)/5, 0)*5) -> 220 | S9: =IF(OR(E9="OnGainRelic", O9>0), 0, ROUND((IF(Q9>0, Q9, T9)*1.3)/5, 0)*5) -> 410 | T9: =IF(E9="OnGainRelic", 0, MIN(IFERROR(VLOOKUP(D9, Relic_Price_Config!$A$5:$E$9, 4, FALSE), 350), MAX(IFERROR(VLOOKUP(D9, Relic_Price_Config!$A$5:$E$9, 3, FALSE), 210), ROUND((IFERROR(VLOOKUP(F9, Relic_Price_Config!$G$5:$N$100, 4, FALSE), 280) + N(H9) * IFERROR(VLOOKUP(F9, Relic_Price_Config!$G$5:$N$100, 5, FALSE), 10) + ABS(N(M9)) * IFERROR(VLOOKUP(F9, Relic_Price_Config!$G$5:$N$100, 6, FALSE), 15) + IF(N(N9)>1, (N(N9)-1)*10, 0)) * IFERROR(VLOOKUP(D9, Relic_Price_Config!$A$5:$E$9, 2, FALSE), 1), 0)))) -> 315 | U9: =IF(E9="OnGainRelic", "획득 시 즉발 (0원)", IFERROR(VLOOKUP(F9, Relic_Price_Config!$G$5:$N$100, 2, FALSE), "기타 효과")) -> 방어 관련 [체력 회복]
A10: RLC_Common_007 | B10: 최하급 도적의 비술 | C10: 전투 시작 시 민첩 1 증가 | D10: Surface | E10: OnBattleStart | F10: EvasionSelf | G10: Self | H10: 0 | J10: 0 | K10: Evasion | M10: 1 | N10: -1 | O10: -1 | P10: Shared | Q10: =IF(E10="OnGainRelic", 0, IF(OR(P10="Quest", P10="Monster", P10="Event", D10="Basic", D10="Upgrade"), -1, MIN(IFERROR(VLOOKUP(D10, Relic_Price_Config!$A$5:$E$9, 4, FALSE), 350), MAX(IFERROR(VLOOKUP(D10, Relic_Price_Config!$A$5:$E$9, 3, FALSE), 210), ROUND((IFERROR(VLOOKUP(F10, Relic_Price_Config!$G$5:$N$100, 4, FALSE), 280) + N(H10) * IFERROR(VLOOKUP(F10, Relic_Price_Config!$G$5:$N$100, 5, FALSE), 10) + ABS(N(M10)) * IFERROR(VLOOKUP(F10, Relic_Price_Config!$G$5:$N$100, 6, FALSE), 15) + IF(N(N10)>1, (N(N10)-1)*10, 0)) * IFERROR(VLOOKUP(D10, Relic_Price_Config!$A$5:$E$9, 2, FALSE), 1), 0))))) -> 310 | R10: =IF(OR(E10="OnGainRelic", O10>0), 0, ROUND((IF(Q10>0, Q10, T10)*0.7)/5, 0)*5) -> 215 | S10: =IF(OR(E10="OnGainRelic", O10>0), 0, ROUND((IF(Q10>0, Q10, T10)*1.3)/5, 0)*5) -> 405 | T10: =IF(E10="OnGainRelic", 0, MIN(IFERROR(VLOOKUP(D10, Relic_Price_Config!$A$5:$E$9, 4, FALSE), 350), MAX(IFERROR(VLOOKUP(D10, Relic_Price_Config!$A$5:$E$9, 3, FALSE), 210), ROUND((IFERROR(VLOOKUP(F10, Relic_Price_Config!$G$5:$N$100, 4, FALSE), 280) + N(H10) * IFERROR(VLOOKUP(F10, Relic_Price_Config!$G$5:$N$100, 5, FALSE), 10) + ABS(N(M10)) * IFERROR(VLOOKUP(F10, Relic_Price_Config!$G$5:$N$100, 6, FALSE), 15) + IF(N(N10)>1, (N(N10)-1)*10, 0)) * IFERROR(VLOOKUP(D10, Relic_Price_Config!$A$5:$E$9, 2, FALSE), 1), 0)))) -> 310 | U10: =IF(E10="OnGainRelic", "획득 시 즉발 (0원)", IFERROR(VLOOKUP(F10, Relic_Price_Config!$G$5:$N$100, 2, FALSE), "기타 효과")) -> 방어 관련 [회피율 증가]
A11: RLC_Common_008 | B11: 희미한 행운의 부적 | C11: 전투 종료 시 던전 재화 10개 추가 획득 | D11: Surface | E11: OnBattleEnd | F11: GainMoney | G11: Self | H11: 10 | J11: 0 | M11: 0 | N11: 0 | O11: -1 | P11: Shared | Q11: =IF(E11="OnGainRelic", 0, IF(OR(P11="Quest", P11="Monster", P11="Event", D11="Basic", D11="Upgrade"), -1, MIN(IFERROR(VLOOKUP(D11, Relic_Price_Config!$A$5:$E$9, 4, FALSE), 350), MAX(IFERROR(VLOOKUP(D11, Relic_Price_Config!$A$5:$E$9, 3, FALSE), 210), ROUND((IFERROR(VLOOKUP(F11, Relic_Price_Config!$G$5:$N$100, 4, FALSE), 280) + N(H11) * IFERROR(VLOOKUP(F11, Relic_Price_Config!$G$5:$N$100, 5, FALSE), 10) + ABS(N(M11)) * IFERROR(VLOOKUP(F11, Relic_Price_Config!$G$5:$N$100, 6, FALSE), 15) + IF(N(N11)>1, (N(N11)-1)*10, 0)) * IFERROR(VLOOKUP(D11, Relic_Price_Config!$A$5:$E$9, 2, FALSE), 1), 0))))) -> 215 | R11: =IF(OR(E11="OnGainRelic", O11>0), 0, ROUND((IF(Q11>0, Q11, T11)*0.7)/5, 0)*5) -> 150 | S11: =IF(OR(E11="OnGainRelic", O11>0), 0, ROUND((IF(Q11>0, Q11, T11)*1.3)/5, 0)*5) -> 280 | T11: =IF(E11="OnGainRelic", 0, MIN(IFERROR(VLOOKUP(D11, Relic_Price_Config!$A$5:$E$9, 4, FALSE), 350), MAX(IFERROR(VLOOKUP(D11, Relic_Price_Config!$A$5:$E$9, 3, FALSE), 210), ROUND((IFERROR(VLOOKUP(F11, Relic_Price_Config!$G$5:$N$100, 4, FALSE), 280) + N(H11) * IFERROR(VLOOKUP(F11, Relic_Price_Config!$G$5:$N$100, 5, FALSE), 10) + ABS(N(M11)) * IFERROR(VLOOKUP(F11, Relic_Price_Config!$G$5:$N$100, 6, FALSE), 15) + IF(N(N11)>1, (N(N11)-1)*10, 0)) * IFERROR(VLOOKUP(D11, Relic_Price_Config!$A$5:$E$9, 2, FALSE), 1), 0)))) -> 215 | U11: =IF(E11="OnGainRelic", "획득 시 즉발 (0원)", IFERROR(VLOOKUP(F11, Relic_Price_Config!$G$5:$N$100, 2, FALSE), "기타 효과")) -> 경제 관련 (재화 획득)
A12: RLC_Common_009 | B12: 보급형 에너지 코어 | C12: 에너지 소모 시 보호막 1 획득 | D12: Surface | E12: OnUseEnergy | F12: ShieldSelf | G12: Self | H12: 1 | J12: 0 | M12: 0 | N12: 0 | O12: -1 | P12: Shared | Q12: =IF(E12="OnGainRelic", 0, IF(OR(P12="Quest", P12="Monster", P12="Event", D12="Basic", D12="Upgrade"), -1, MIN(IFERROR(VLOOKUP(D12, Relic_Price_Config!$A$5:$E$9, 4, FALSE), 350), MAX(IFERROR(VLOOKUP(D12, Relic_Price_Config!$A$5:$E$9, 3, FALSE), 210), ROUND((IFERROR(VLOOKUP(F12, Relic_Price_Config!$G$5:$N$100, 4, FALSE), 280) + N(H12) * IFERROR(VLOOKUP(F12, Relic_Price_Config!$G$5:$N$100, 5, FALSE), 10) + ABS(N(M12)) * IFERROR(VLOOKUP(F12, Relic_Price_Config!$G$5:$N$100, 6, FALSE), 15) + IF(N(N12)>1, (N(N12)-1)*10, 0)) * IFERROR(VLOOKUP(D12, Relic_Price_Config!$A$5:$E$9, 2, FALSE), 1), 0))))) -> 285 | R12: =IF(OR(E12="OnGainRelic", O12>0), 0, ROUND((IF(Q12>0, Q12, T12)*0.7)/5, 0)*5) -> 200 | S12: =IF(OR(E12="OnGainRelic", O12>0), 0, ROUND((IF(Q12>0, Q12, T12)*1.3)/5, 0)*5) -> 370 | T12: =IF(E12="OnGainRelic", 0, MIN(IFERROR(VLOOKUP(D12, Relic_Price_Config!$A$5:$E$9, 4, FALSE), 350), MAX(IFERROR(VLOOKUP(D12, Relic_Price_Config!$A$5:$E$9, 3, FALSE), 210), ROUND((IFERROR(VLOOKUP(F12, Relic_Price_Config!$G$5:$N$100, 4, FALSE), 280) + N(H12) * IFERROR(VLOOKUP(F12, Relic_Price_Config!$G$5:$N$100, 5, FALSE), 10) + ABS(N(M12)) * IFERROR(VLOOKUP(F12, Relic_Price_Config!$G$5:$N$100, 6, FALSE), 15) + IF(N(N12)>1, (N(N12)-1)*10, 0)) * IFERROR(VLOOKUP(D12, Relic_Price_Config!$A$5:$E$9, 2, FALSE), 1), 0)))) -> 285 | U12: =IF(E12="OnGainRelic", "획득 시 즉발 (0원)", IFERROR(VLOOKUP(F12, Relic_Price_Config!$G$5:$N$100, 2, FALSE), "기타 효과")) -> 방어 관련 [보호막 획득]
A13: RLC_Common_010 | B13: 부서진 훈련용 인형 | C13: 유물 획득 시 보유한 픽업 스킬 중 1가지를 +1강 강화한다 | D13: Surface | E13: OnGainRelic | F13: RandomUpgrade | G13: Self | H13: 1 | J13: 0 | M13: 0 | N13: 0 | O13: -1 | P13: Shared | Q13: =IF(E13="OnGainRelic", 0, IF(OR(P13="Quest", P13="Monster", P13="Event", D13="Basic", D13="Upgrade"), -1, MIN(IFERROR(VLOOKUP(D13, Relic_Price_Config!$A$5:$E$9, 4, FALSE), 350), MAX(IFERROR(VLOOKUP(D13, Relic_Price_Config!$A$5:$E$9, 3, FALSE), 210), ROUND((IFERROR(VLOOKUP(F13, Relic_Price_Config!$G$5:$N$100, 4, FALSE), 280) + N(H13) * IFERROR(VLOOKUP(F13, Relic_Price_Config!$G$5:$N$100, 5, FALSE), 10) + ABS(N(M13)) * IFERROR(VLOOKUP(F13, Relic_Price_Config!$G$5:$N$100, 6, FALSE), 15) + IF(N(N13)>1, (N(N13)-1)*10, 0)) * IFERROR(VLOOKUP(D13, Relic_Price_Config!$A$5:$E$9, 2, FALSE), 1), 0))))) -> 0 | R13: =IF(OR(E13="OnGainRelic", O13>0), 0, ROUND((IF(Q13>0, Q13, T13)*0.7)/5, 0)*5) -> 0 | S13: =IF(OR(E13="OnGainRelic", O13>0), 0, ROUND((IF(Q13>0, Q13, T13)*1.3)/5, 0)*5) -> 0 | T13: =IF(E13="OnGainRelic", 0, MIN(IFERROR(VLOOKUP(D13, Relic_Price_Config!$A$5:$E$9, 4, FALSE), 350), MAX(IFERROR(VLOOKUP(D13, Relic_Price_Config!$A$5:$E$9, 3, FALSE), 210), ROUND((IFERROR(VLOOKUP(F13, Relic_Price_Config!$G$5:$N$100, 4, FALSE), 280) + N(H13) * IFERROR(VLOOKUP(F13, Relic_Price_Config!$G$5:$N$100, 5, FALSE), 10) + ABS(N(M13)) * IFERROR(VLOOKUP(F13, Relic_Price_Config!$G$5:$N$100, 6, FALSE), 15) + IF(N(N13)>1, (N(N13)-1)*10, 0)) * IFERROR(VLOOKUP(D13, Relic_Price_Config!$A$5:$E$9, 2, FALSE), 1), 0)))) -> 0 | U13: =IF(E13="OnGainRelic", "획득 시 즉발 (0원)", IFERROR(VLOOKUP(F13, Relic_Price_Config!$G$5:$N$100, 2, FALSE), "기타 효과")) -> 획득 시 즉발 (0원)
A14: RLC_Common_011 | B14: 숨겨진 보물 상자 | C14: 유물 획득 시 던전 재화 333개 획득 | D14: Surface | E14: OnGainRelic | F14: GainMoney | G14: Self | H14: 333 | J14: 0 | M14: 0 | N14: 0 | O14: -1 | P14: Shared | Q14: =IF(E14="OnGainRelic", 0, IF(OR(P14="Quest", P14="Monster", P14="Event", D14="Basic", D14="Upgrade"), -1, MIN(IFERROR(VLOOKUP(D14, Relic_Price_Config!$A$5:$E$9, 4, FALSE), 350), MAX(IFERROR(VLOOKUP(D14, Relic_Price_Config!$A$5:$E$9, 3, FALSE), 210), ROUND((IFERROR(VLOOKUP(F14, Relic_Price_Config!$G$5:$N$100, 4, FALSE), 280) + N(H14) * IFERROR(VLOOKUP(F14, Relic_Price_Config!$G$5:$N$100, 5, FALSE), 10) + ABS(N(M14)) * IFERROR(VLOOKUP(F14, Relic_Price_Config!$G$5:$N$100, 6, FALSE), 15) + IF(N(N14)>1, (N(N14)-1)*10, 0)) * IFERROR(VLOOKUP(D14, Relic_Price_Config!$A$5:$E$9, 2, FALSE), 1), 0))))) -> 0 | R14: =IF(OR(E14="OnGainRelic", O14>0), 0, ROUND((IF(Q14>0, Q14, T14)*0.7)/5, 0)*5) -> 0 | S14: =IF(OR(E14="OnGainRelic", O14>0), 0, ROUND((IF(Q14>0, Q14, T14)*1.3)/5, 0)*5) -> 0 | T14: =IF(E14="OnGainRelic", 0, MIN(IFERROR(VLOOKUP(D14, Relic_Price_Config!$A$5:$E$9, 4, FALSE), 350), MAX(IFERROR(VLOOKUP(D14, Relic_Price_Config!$A$5:$E$9, 3, FALSE), 210), ROUND((IFERROR(VLOOKUP(F14, Relic_Price_Config!$G$5:$N$100, 4, FALSE), 280) + N(H14) * IFERROR(VLOOKUP(F14, Relic_Price_Config!$G$5:$N$100, 5, FALSE), 10) + ABS(N(M14)) * IFERROR(VLOOKUP(F14, Relic_Price_Config!$G$5:$N$100, 6, FALSE), 15) + IF(N(N14)>1, (N(N14)-1)*10, 0)) * IFERROR(VLOOKUP(D14, Relic_Price_Config!$A$5:$E$9, 2, FALSE), 1), 0)))) -> 0 | U14: =IF(E14="OnGainRelic", "획득 시 즉발 (0원)", IFERROR(VLOOKUP(F14, Relic_Price_Config!$G$5:$N$100, 2, FALSE), "기타 효과")) -> 획득 시 즉발 (0원)
A15: RLC_Common_012 | B15: 잘 익은 군고구마 | C15: 휴식터에 입장할 시 체력 10 추가 회복 | D15: Surface | E15: OnRestStart | F15: HealSelf | G15: Self | H15: 10 | J15: 0 | M15: 0 | N15: 0 | O15: -1 | P15: Shared | Q15: =IF(E15="OnGainRelic", 0, IF(OR(P15="Quest", P15="Monster", P15="Event", D15="Basic", D15="Upgrade"), -1, MIN(IFERROR(VLOOKUP(D15, Relic_Price_Config!$A$5:$E$9, 4, FALSE), 350), MAX(IFERROR(VLOOKUP(D15, Relic_Price_Config!$A$5:$E$9, 3, FALSE), 210), ROUND((IFERROR(VLOOKUP(F15, Relic_Price_Config!$G$5:$N$100, 4, FALSE), 280) + N(H15) * IFERROR(VLOOKUP(F15, Relic_Price_Config!$G$5:$N$100, 5, FALSE), 10) + ABS(N(M15)) * IFERROR(VLOOKUP(F15, Relic_Price_Config!$G$5:$N$100, 6, FALSE), 15) + IF(N(N15)>1, (N(N15)-1)*10, 0)) * IFERROR(VLOOKUP(D15, Relic_Price_Config!$A$5:$E$9, 2, FALSE), 1), 0))))) -> 350 | R15: =IF(OR(E15="OnGainRelic", O15>0), 0, ROUND((IF(Q15>0, Q15, T15)*0.7)/5, 0)*5) -> 245 | S15: =IF(OR(E15="OnGainRelic", O15>0), 0, ROUND((IF(Q15>0, Q15, T15)*1.3)/5, 0)*5) -> 455 | T15: =IF(E15="OnGainRelic", 0, MIN(IFERROR(VLOOKUP(D15, Relic_Price_Config!$A$5:$E$9, 4, FALSE), 350), MAX(IFERROR(VLOOKUP(D15, Relic_Price_Config!$A$5:$E$9, 3, FALSE), 210), ROUND((IFERROR(VLOOKUP(F15, Relic_Price_Config!$G$5:$N$100, 4, FALSE), 280) + N(H15) * IFERROR(VLOOKUP(F15, Relic_Price_Config!$G$5:$N$100, 5, FALSE), 10) + ABS(N(M15)) * IFERROR(VLOOKUP(F15, Relic_Price_Config!$G$5:$N$100, 6, FALSE), 15) + IF(N(N15)>1, (N(N15)-1)*10, 0)) * IFERROR(VLOOKUP(D15, Relic_Price_Config!$A$5:$E$9, 2, FALSE), 1), 0)))) -> 350 | U15: =IF(E15="OnGainRelic", "획득 시 즉발 (0원)", IFERROR(VLOOKUP(F15, Relic_Price_Config!$G$5:$N$100, 2, FALSE), "기타 효과")) -> 방어 관련 [체력 회복]
A16: RLC_Common_013 | B16: 깨진 돋보기 안경 | C16: 전투 시작 시 적 전체에게 급소를 1 사이클 동안 부여 | D16: Surface | E16: OnBattleStart | F16: StatusMarkAll | G16: AllEnemies | H16: 0 | J16: 0 | K16: Mark | M16: 1 | N16: 1 | O16: -1 | P16: Shared | Q16: =IF(E16="OnGainRelic", 0, IF(OR(P16="Quest", P16="Monster", P16="Event", D16="Basic", D16="Upgrade"), -1, MIN(IFERROR(VLOOKUP(D16, Relic_Price_Config!$A$5:$E$9, 4, FALSE), 350), MAX(IFERROR(VLOOKUP(D16, Relic_Price_Config!$A$5:$E$9, 3, FALSE), 210), ROUND((IFERROR(VLOOKUP(F16, Relic_Price_Config!$G$5:$N$100, 4, FALSE), 280) + N(H16) * IFERROR(VLOOKUP(F16, Relic_Price_Config!$G$5:$N$100, 5, FALSE), 10) + ABS(N(M16)) * IFERROR(VLOOKUP(F16, Relic_Price_Config!$G$5:$N$100, 6, FALSE), 15) + IF(N(N16)>1, (N(N16)-1)*10, 0)) * IFERROR(VLOOKUP(D16, Relic_Price_Config!$A$5:$E$9, 2, FALSE), 1), 0))))) -> 310 | R16: =IF(OR(E16="OnGainRelic", O16>0), 0, ROUND((IF(Q16>0, Q16, T16)*0.7)/5, 0)*5) -> 215 | S16: =IF(OR(E16="OnGainRelic", O16>0), 0, ROUND((IF(Q16>0, Q16, T16)*1.3)/5, 0)*5) -> 405 | T16: =IF(E16="OnGainRelic", 0, MIN(IFERROR(VLOOKUP(D16, Relic_Price_Config!$A$5:$E$9, 4, FALSE), 350), MAX(IFERROR(VLOOKUP(D16, Relic_Price_Config!$A$5:$E$9, 3, FALSE), 210), ROUND((IFERROR(VLOOKUP(F16, Relic_Price_Config!$G$5:$N$100, 4, FALSE), 280) + N(H16) * IFERROR(VLOOKUP(F16, Relic_Price_Config!$G$5:$N$100, 5, FALSE), 10) + ABS(N(M16)) * IFERROR(VLOOKUP(F16, Relic_Price_Config!$G$5:$N$100, 6, FALSE), 15) + IF(N(N16)>1, (N(N16)-1)*10, 0)) * IFERROR(VLOOKUP(D16, Relic_Price_Config!$A$5:$E$9, 2, FALSE), 1), 0)))) -> 310 | U16: =IF(E16="OnGainRelic", "획득 시 즉발 (0원)", IFERROR(VLOOKUP(F16, Relic_Price_Config!$G$5:$N$100, 2, FALSE), "기타 효과")) -> 공격 증가 [적 받는 피해 증가]
A17: RLC_Common_014 | B17: 도깨비 가면 | C17: 전투 시작 시 적 전체에게 공포를 1 사이클 동안 부여 | D17: Surface | E17: OnBattleStart | F17: StatusFearAll | G17: AllEnemies | H17: 0 | J17: 0 | K17: Fear | M17: 1 | N17: 1 | O17: -1 | P17: Shared | Q17: =IF(E17="OnGainRelic", 0, IF(OR(P17="Quest", P17="Monster", P17="Event", D17="Basic", D17="Upgrade"), -1, MIN(IFERROR(VLOOKUP(D17, Relic_Price_Config!$A$5:$E$9, 4, FALSE), 350), MAX(IFERROR(VLOOKUP(D17, Relic_Price_Config!$A$5:$E$9, 3, FALSE), 210), ROUND((IFERROR(VLOOKUP(F17, Relic_Price_Config!$G$5:$N$100, 4, FALSE), 280) + N(H17) * IFERROR(VLOOKUP(F17, Relic_Price_Config!$G$5:$N$100, 5, FALSE), 10) + ABS(N(M17)) * IFERROR(VLOOKUP(F17, Relic_Price_Config!$G$5:$N$100, 6, FALSE), 15) + IF(N(N17)>1, (N(N17)-1)*10, 0)) * IFERROR(VLOOKUP(D17, Relic_Price_Config!$A$5:$E$9, 2, FALSE), 1), 0))))) -> 310 | R17: =IF(OR(E17="OnGainRelic", O17>0), 0, ROUND((IF(Q17>0, Q17, T17)*0.7)/5, 0)*5) -> 215 | S17: =IF(OR(E17="OnGainRelic", O17>0), 0, ROUND((IF(Q17>0, Q17, T17)*1.3)/5, 0)*5) -> 405 | T17: =IF(E17="OnGainRelic", 0, MIN(IFERROR(VLOOKUP(D17, Relic_Price_Config!$A$5:$E$9, 4, FALSE), 350), MAX(IFERROR(VLOOKUP(D17, Relic_Price_Config!$A$5:$E$9, 3, FALSE), 210), ROUND((IFERROR(VLOOKUP(F17, Relic_Price_Config!$G$5:$N$100, 4, FALSE), 280) + N(H17) * IFERROR(VLOOKUP(F17, Relic_Price_Config!$G$5:$N$100, 5, FALSE), 10) + ABS(N(M17)) * IFERROR(VLOOKUP(F17, Relic_Price_Config!$G$5:$N$100, 6, FALSE), 15) + IF(N(N17)>1, (N(N17)-1)*10, 0)) * IFERROR(VLOOKUP(D17, Relic_Price_Config!$A$5:$E$9, 2, FALSE), 1), 0)))) -> 310 | U17: =IF(E17="OnGainRelic", "획득 시 즉발 (0원)", IFERROR(VLOOKUP(F17, Relic_Price_Config!$G$5:$N$100, 2, FALSE), "기타 효과")) -> 방어 증가 [적 공격/화력 감소]
A18: RLC_Common_015 | B18: 향긋한 백도 | C18: 유물 획득 시 최대 체력 8 증가 | D18: Surface | E18: OnGainRelic | F18: MaxHPUp | G18: Self | H18: 8 | J18: 0 | M18: 0 | N18: 0 | O18: -1 | P18: Shared | Q18: =IF(E18="OnGainRelic", 0, IF(OR(P18="Quest", P18="Monster", P18="Event", D18="Basic", D18="Upgrade"), -1, MIN(IFERROR(VLOOKUP(D18, Relic_Price_Config!$A$5:$E$9, 4, FALSE), 350), MAX(IFERROR(VLOOKUP(D18, Relic_Price_Config!$A$5:$E$9, 3, FALSE), 210), ROUND((IFERROR(VLOOKUP(F18, Relic_Price_Config!$G$5:$N$100, 4, FALSE), 280) + N(H18) * IFERROR(VLOOKUP(F18, Relic_Price_Config!$G$5:$N$100, 5, FALSE), 10) + ABS(N(M18)) * IFERROR(VLOOKUP(F18, Relic_Price_Config!$G$5:$N$100, 6, FALSE), 15) + IF(N(N18)>1, (N(N18)-1)*10, 0)) * IFERROR(VLOOKUP(D18, Relic_Price_Config!$A$5:$E$9, 2, FALSE), 1), 0))))) -> 0 | R18: =IF(OR(E18="OnGainRelic", O18>0), 0, ROUND((IF(Q18>0, Q18, T18)*0.7)/5, 0)*5) -> 0 | S18: =IF(OR(E18="OnGainRelic", O18>0), 0, ROUND((IF(Q18>0, Q18, T18)*1.3)/5, 0)*5) -> 0 | T18: =IF(E18="OnGainRelic", 0, MIN(IFERROR(VLOOKUP(D18, Relic_Price_Config!$A$5:$E$9, 4, FALSE), 350), MAX(IFERROR(VLOOKUP(D18, Relic_Price_Config!$A$5:$E$9, 3, FALSE), 210), ROUND((IFERROR(VLOOKUP(F18, Relic_Price_Config!$G$5:$N$100, 4, FALSE), 280) + N(H18) * IFERROR(VLOOKUP(F18, Relic_Price_Config!$G$5:$N$100, 5, FALSE), 10) + ABS(N(M18)) * IFERROR(VLOOKUP(F18, Relic_Price_Config!$G$5:$N$100, 6, FALSE), 15) + IF(N(N18)>1, (N(N18)-1)*10, 0)) * IFERROR(VLOOKUP(D18, Relic_Price_Config!$A$5:$E$9, 2, FALSE), 1), 0)))) -> 0 | U18: =IF(E18="OnGainRelic", "획득 시 즉발 (0원)", IFERROR(VLOOKUP(F18, Relic_Price_Config!$G$5:$N$100, 2, FALSE), "기타 효과")) -> 획득 시 즉발 (0원)
A19: RLC_Common_016 | B19: 조악한 갑옷 | C19: 피격 시 받는 데미지가 1 줄어든다. | D19: Surface | E19: OnBattleStart | F19: IronWallSelf | G19: Self | H19: 0 | J19: 0 | K19: IronWall | M19: 1 | N19: -1 | O19: -1 | P19: Shared | Q19: =IF(E19="OnGainRelic", 0, IF(OR(P19="Quest", P19="Monster", P19="Event", D19="Basic", D19="Upgrade"), -1, MIN(IFERROR(VLOOKUP(D19, Relic_Price_Config!$A$5:$E$9, 4, FALSE), 350), MAX(IFERROR(VLOOKUP(D19, Relic_Price_Config!$A$5:$E$9, 3, FALSE), 210), ROUND((IFERROR(VLOOKUP(F19, Relic_Price_Config!$G$5:$N$100, 4, FALSE), 280) + N(H19) * IFERROR(VLOOKUP(F19, Relic_Price_Config!$G$5:$N$100, 5, FALSE), 10) + ABS(N(M19)) * IFERROR(VLOOKUP(F19, Relic_Price_Config!$G$5:$N$100, 6, FALSE), 15) + IF(N(N19)>1, (N(N19)-1)*10, 0)) * IFERROR(VLOOKUP(D19, Relic_Price_Config!$A$5:$E$9, 2, FALSE), 1), 0))))) -> 305 | R19: =IF(OR(E19="OnGainRelic", O19>0), 0, ROUND((IF(Q19>0, Q19, T19)*0.7)/5, 0)*5) -> 215 | S19: =IF(OR(E19="OnGainRelic", O19>0), 0, ROUND((IF(Q19>0, Q19, T19)*1.3)/5, 0)*5) -> 395 | T19: =IF(E19="OnGainRelic", 0, MIN(IFERROR(VLOOKUP(D19, Relic_Price_Config!$A$5:$E$9, 4, FALSE), 350), MAX(IFERROR(VLOOKUP(D19, Relic_Price_Config!$A$5:$E$9, 3, FALSE), 210), ROUND((IFERROR(VLOOKUP(F19, Relic_Price_Config!$G$5:$N$100, 4, FALSE), 280) + N(H19) * IFERROR(VLOOKUP(F19, Relic_Price_Config!$G$5:$N$100, 5, FALSE), 10) + ABS(N(M19)) * IFERROR(VLOOKUP(F19, Relic_Price_Config!$G$5:$N$100, 6, FALSE), 15) + IF(N(N19)>1, (N(N19)-1)*10, 0)) * IFERROR(VLOOKUP(D19, Relic_Price_Config!$A$5:$E$9, 2, FALSE), 1), 0)))) -> 305 | U19: =IF(E19="OnGainRelic", "획득 시 즉발 (0원)", IFERROR(VLOOKUP(F19, Relic_Price_Config!$G$5:$N$100, 2, FALSE), "기타 효과")) -> 방어 증가 [받는 피해 감소]
A20: RLC_Common_017 | B20: 최하급 용기의 부적 | C20: 가디언 전투 시작 시 공격 2 증가 | D20: Surface | E20: OnGuardianBattleStart | F20: BraveSelf | G20: Self | H20: 0 | J20: 0 | K20: Brave | M20: 2 | N20: -1 | O20: -1 | P20: Shared | Q20: =IF(E20="OnGainRelic", 0, IF(OR(P20="Quest", P20="Monster", P20="Event", D20="Basic", D20="Upgrade"), -1, MIN(IFERROR(VLOOKUP(D20, Relic_Price_Config!$A$5:$E$9, 4, FALSE), 350), MAX(IFERROR(VLOOKUP(D20, Relic_Price_Config!$A$5:$E$9, 3, FALSE), 210), ROUND((IFERROR(VLOOKUP(F20, Relic_Price_Config!$G$5:$N$100, 4, FALSE), 280) + N(H20) * IFERROR(VLOOKUP(F20, Relic_Price_Config!$G$5:$N$100, 5, FALSE), 10) + ABS(N(M20)) * IFERROR(VLOOKUP(F20, Relic_Price_Config!$G$5:$N$100, 6, FALSE), 15) + IF(N(N20)>1, (N(N20)-1)*10, 0)) * IFERROR(VLOOKUP(D20, Relic_Price_Config!$A$5:$E$9, 2, FALSE), 1), 0))))) -> 330 | R20: =IF(OR(E20="OnGainRelic", O20>0), 0, ROUND((IF(Q20>0, Q20, T20)*0.7)/5, 0)*5) -> 230 | S20: =IF(OR(E20="OnGainRelic", O20>0), 0, ROUND((IF(Q20>0, Q20, T20)*1.3)/5, 0)*5) -> 430 | T20: =IF(E20="OnGainRelic", 0, MIN(IFERROR(VLOOKUP(D20, Relic_Price_Config!$A$5:$E$9, 4, FALSE), 350), MAX(IFERROR(VLOOKUP(D20, Relic_Price_Config!$A$5:$E$9, 3, FALSE), 210), ROUND((IFERROR(VLOOKUP(F20, Relic_Price_Config!$G$5:$N$100, 4, FALSE), 280) + N(H20) * IFERROR(VLOOKUP(F20, Relic_Price_Config!$G$5:$N$100, 5, FALSE), 10) + ABS(N(M20)) * IFERROR(VLOOKUP(F20, Relic_Price_Config!$G$5:$N$100, 6, FALSE), 15) + IF(N(N20)>1, (N(N20)-1)*10, 0)) * IFERROR(VLOOKUP(D20, Relic_Price_Config!$A$5:$E$9, 2, FALSE), 1), 0)))) -> 330 | U20: =IF(E20="OnGainRelic", "획득 시 즉발 (0원)", IFERROR(VLOOKUP(F20, Relic_Price_Config!$G$5:$N$100, 2, FALSE), "기타 효과")) -> 공격 증가 [아군 공격 상승]
A21: RLC_Common_018 | B21: 사냥꾼의 쇠뇌 | C21: 보스 전투 시작 시 공격 2 증가 | D21: Surface | E21: OnBossBattleStart | F21: BraveSelf | G21: Self | H21: 0 | J21: 0 | K21: Brave | M21: 2 | N21: -1 | O21: -1 | P21: Shared | Q21: =IF(E21="OnGainRelic", 0, IF(OR(P21="Quest", P21="Monster", P21="Event", D21="Basic", D21="Upgrade"), -1, MIN(IFERROR(VLOOKUP(D21, Relic_Price_Config!$A$5:$E$9, 4, FALSE), 350), MAX(IFERROR(VLOOKUP(D21, Relic_Price_Config!$A$5:$E$9, 3, FALSE), 210), ROUND((IFERROR(VLOOKUP(F21, Relic_Price_Config!$G$5:$N$100, 4, FALSE), 280) + N(H21) * IFERROR(VLOOKUP(F21, Relic_Price_Config!$G$5:$N$100, 5, FALSE), 10) + ABS(N(M21)) * IFERROR(VLOOKUP(F21, Relic_Price_Config!$G$5:$N$100, 6, FALSE), 15) + IF(N(N21)>1, (N(N21)-1)*10, 0)) * IFERROR(VLOOKUP(D21, Relic_Price_Config!$A$5:$E$9, 2, FALSE), 1), 0))))) -> 330 | R21: =IF(OR(E21="OnGainRelic", O21>0), 0, ROUND((IF(Q21>0, Q21, T21)*0.7)/5, 0)*5) -> 230 | S21: =IF(OR(E21="OnGainRelic", O21>0), 0, ROUND((IF(Q21>0, Q21, T21)*1.3)/5, 0)*5) -> 430 | T21: =IF(E21="OnGainRelic", 0, MIN(IFERROR(VLOOKUP(D21, Relic_Price_Config!$A$5:$E$9, 4, FALSE), 350), MAX(IFERROR(VLOOKUP(D21, Relic_Price_Config!$A$5:$E$9, 3, FALSE), 210), ROUND((IFERROR(VLOOKUP(F21, Relic_Price_Config!$G$5:$N$100, 4, FALSE), 280) + N(H21) * IFERROR(VLOOKUP(F21, Relic_Price_Config!$G$5:$N$100, 5, FALSE), 10) + ABS(N(M21)) * IFERROR(VLOOKUP(F21, Relic_Price_Config!$G$5:$N$100, 6, FALSE), 15) + IF(N(N21)>1, (N(N21)-1)*10, 0)) * IFERROR(VLOOKUP(D21, Relic_Price_Config!$A$5:$E$9, 2, FALSE), 1), 0)))) -> 330 | U21: =IF(E21="OnGainRelic", "획득 시 즉발 (0원)", IFERROR(VLOOKUP(F21, Relic_Price_Config!$G$5:$N$100, 2, FALSE), "기타 효과")) -> 공격 증가 [아군 공격 상승]
A22: RLC_Common_019 | B22: 사냥꾼의 가죽 갑옷 | C22: 보스 전투 시작 시 방어 2 증가 | D22: Surface | E22: OnBossBattleStart | F22: SolidSelf | G22: Self | H22: 0 | J22: 0 | K22: Solid | M22: 2 | N22: -1 | O22: -1 | P22: Shared | Q22: =IF(E22="OnGainRelic", 0, IF(OR(P22="Quest", P22="Monster", P22="Event", D22="Basic", D22="Upgrade"), -1, MIN(IFERROR(VLOOKUP(D22, Relic_Price_Config!$A$5:$E$9, 4, FALSE), 350), MAX(IFERROR(VLOOKUP(D22, Relic_Price_Config!$A$5:$E$9, 3, FALSE), 210), ROUND((IFERROR(VLOOKUP(F22, Relic_Price_Config!$G$5:$N$100, 4, FALSE), 280) + N(H22) * IFERROR(VLOOKUP(F22, Relic_Price_Config!$G$5:$N$100, 5, FALSE), 10) + ABS(N(M22)) * IFERROR(VLOOKUP(F22, Relic_Price_Config!$G$5:$N$100, 6, FALSE), 15) + IF(N(N22)>1, (N(N22)-1)*10, 0)) * IFERROR(VLOOKUP(D22, Relic_Price_Config!$A$5:$E$9, 2, FALSE), 1), 0))))) -> 330 | R22: =IF(OR(E22="OnGainRelic", O22>0), 0, ROUND((IF(Q22>0, Q22, T22)*0.7)/5, 0)*5) -> 230 | S22: =IF(OR(E22="OnGainRelic", O22>0), 0, ROUND((IF(Q22>0, Q22, T22)*1.3)/5, 0)*5) -> 430 | T22: =IF(E22="OnGainRelic", 0, MIN(IFERROR(VLOOKUP(D22, Relic_Price_Config!$A$5:$E$9, 4, FALSE), 350), MAX(IFERROR(VLOOKUP(D22, Relic_Price_Config!$A$5:$E$9, 3, FALSE), 210), ROUND((IFERROR(VLOOKUP(F22, Relic_Price_Config!$G$5:$N$100, 4, FALSE), 280) + N(H22) * IFERROR(VLOOKUP(F22, Relic_Price_Config!$G$5:$N$100, 5, FALSE), 10) + ABS(N(M22)) * IFERROR(VLOOKUP(F22, Relic_Price_Config!$G$5:$N$100, 6, FALSE), 15) + IF(N(N22)>1, (N(N22)-1)*10, 0)) * IFERROR(VLOOKUP(D22, Relic_Price_Config!$A$5:$E$9, 2, FALSE), 1), 0)))) -> 330 | U22: =IF(E22="OnGainRelic", "획득 시 즉발 (0원)", IFERROR(VLOOKUP(F22, Relic_Price_Config!$G$5:$N$100, 2, FALSE), "기타 효과")) -> 방어 증가 [아군 방어 상승]
A23: RLC_Deep_Q001 | B23: 이프리트의 화염 코어 | C23: 전투 시작 시 공격 3 증가 | D23: Deep | E23: OnBattleStart | F23: BraveSelf | G23: Self | H23: 0 | J23: 0 | K23: Brave | M23: 3 | N23: -1 | O23: -1 | P23: Quest | Q23: =IF(E23="OnGainRelic", 0, IF(OR(P23="Quest", P23="Monster", P23="Event", D23="Basic", D23="Upgrade"), -1, MIN(IFERROR(VLOOKUP(D23, Relic_Price_Config!$A$5:$E$9, 4, FALSE), 350), MAX(IFERROR(VLOOKUP(D23, Relic_Price_Config!$A$5:$E$9, 3, FALSE), 210), ROUND((IFERROR(VLOOKUP(F23, Relic_Price_Config!$G$5:$N$100, 4, FALSE), 280) + N(H23) * IFERROR(VLOOKUP(F23, Relic_Price_Config!$G$5:$N$100, 5, FALSE), 10) + ABS(N(M23)) * IFERROR(VLOOKUP(F23, Relic_Price_Config!$G$5:$N$100, 6, FALSE), 15) + IF(N(N23)>1, (N(N23)-1)*10, 0)) * IFERROR(VLOOKUP(D23, Relic_Price_Config!$A$5:$E$9, 2, FALSE), 1), 0))))) -> -1 | R23: =IF(OR(E23="OnGainRelic", O23>0), 0, ROUND((IF(Q23>0, Q23, T23)*0.7)/5, 0)*5) -> 490 | S23: =IF(OR(E23="OnGainRelic", O23>0), 0, ROUND((IF(Q23>0, Q23, T23)*1.3)/5, 0)*5) -> 910 | T23: =IF(E23="OnGainRelic", 0, MIN(IFERROR(VLOOKUP(D23, Relic_Price_Config!$A$5:$E$9, 4, FALSE), 350), MAX(IFERROR(VLOOKUP(D23, Relic_Price_Config!$A$5:$E$9, 3, FALSE), 210), ROUND((IFERROR(VLOOKUP(F23, Relic_Price_Config!$G$5:$N$100, 4, FALSE), 280) + N(H23) * IFERROR(VLOOKUP(F23, Relic_Price_Config!$G$5:$N$100, 5, FALSE), 10) + ABS(N(M23)) * IFERROR(VLOOKUP(F23, Relic_Price_Config!$G$5:$N$100, 6, FALSE), 15) + IF(N(N23)>1, (N(N23)-1)*10, 0)) * IFERROR(VLOOKUP(D23, Relic_Price_Config!$A$5:$E$9, 2, FALSE), 1), 0)))) -> 700 | U23: =IF(E23="OnGainRelic", "획득 시 즉발 (0원)", IFERROR(VLOOKUP(F23, Relic_Price_Config!$G$5:$N$100, 2, FALSE), "기타 효과")) -> 공격 증가 [아군 공격 상승]
A24: RLC_Deep_Q002 | B24: 나이아드의 심해 코어 | C24: 자신의 턴 종료 시 체력 2 회복 | D24: Deep | E24: OnTurnEnd | F24: HealSelf | G24: Self | H24: 2 | J24: 0 | M24: 0 | N24: 0 | O24: -1 | P24: Quest | Q24: =IF(E24="OnGainRelic", 0, IF(OR(P24="Quest", P24="Monster", P24="Event", D24="Basic", D24="Upgrade"), -1, MIN(IFERROR(VLOOKUP(D24, Relic_Price_Config!$A$5:$E$9, 4, FALSE), 350), MAX(IFERROR(VLOOKUP(D24, Relic_Price_Config!$A$5:$E$9, 3, FALSE), 210), ROUND((IFERROR(VLOOKUP(F24, Relic_Price_Config!$G$5:$N$100, 4, FALSE), 280) + N(H24) * IFERROR(VLOOKUP(F24, Relic_Price_Config!$G$5:$N$100, 5, FALSE), 10) + ABS(N(M24)) * IFERROR(VLOOKUP(F24, Relic_Price_Config!$G$5:$N$100, 6, FALSE), 15) + IF(N(N24)>1, (N(N24)-1)*10, 0)) * IFERROR(VLOOKUP(D24, Relic_Price_Config!$A$5:$E$9, 2, FALSE), 1), 0))))) -> -1 | R24: =IF(OR(E24="OnGainRelic", O24>0), 0, ROUND((IF(Q24>0, Q24, T24)*0.7)/5, 0)*5) -> 420 | S24: =IF(OR(E24="OnGainRelic", O24>0), 0, ROUND((IF(Q24>0, Q24, T24)*1.3)/5, 0)*5) -> 780 | T24: =IF(E24="OnGainRelic", 0, MIN(IFERROR(VLOOKUP(D24, Relic_Price_Config!$A$5:$E$9, 4, FALSE), 350), MAX(IFERROR(VLOOKUP(D24, Relic_Price_Config!$A$5:$E$9, 3, FALSE), 210), ROUND((IFERROR(VLOOKUP(F24, Relic_Price_Config!$G$5:$N$100, 4, FALSE), 280) + N(H24) * IFERROR(VLOOKUP(F24, Relic_Price_Config!$G$5:$N$100, 5, FALSE), 10) + ABS(N(M24)) * IFERROR(VLOOKUP(F24, Relic_Price_Config!$G$5:$N$100, 6, FALSE), 15) + IF(N(N24)>1, (N(N24)-1)*10, 0)) * IFERROR(VLOOKUP(D24, Relic_Price_Config!$A$5:$E$9, 2, FALSE), 1), 0)))) -> 600 | U24: =IF(E24="OnGainRelic", "획득 시 즉발 (0원)", IFERROR(VLOOKUP(F24, Relic_Price_Config!$G$5:$N$100, 2, FALSE), "기타 효과")) -> 방어 관련 [체력 회복]
A25: RLC_Deep_Q003 | B25: 실피드의 질풍 코어 | C25: 자신의 턴 시작 시 에너지 1 추가 획득 | D25: Deep | E25: OnTurnStart | F25: GainEnergy | G25: Self | H25: 1 | J25: 0 | M25: 0 | N25: 0 | O25: -1 | P25: Quest | Q25: =IF(E25="OnGainRelic", 0, IF(OR(P25="Quest", P25="Monster", P25="Event", D25="Basic", D25="Upgrade"), -1, MIN(IFERROR(VLOOKUP(D25, Relic_Price_Config!$A$5:$E$9, 4, FALSE), 350), MAX(IFERROR(VLOOKUP(D25, Relic_Price_Config!$A$5:$E$9, 3, FALSE), 210), ROUND((IFERROR(VLOOKUP(F25, Relic_Price_Config!$G$5:$N$100, 4, FALSE), 280) + N(H25) * IFERROR(VLOOKUP(F25, Relic_Price_Config!$G$5:$N$100, 5, FALSE), 10) + ABS(N(M25)) * IFERROR(VLOOKUP(F25, Relic_Price_Config!$G$5:$N$100, 6, FALSE), 15) + IF(N(N25)>1, (N(N25)-1)*10, 0)) * IFERROR(VLOOKUP(D25, Relic_Price_Config!$A$5:$E$9, 2, FALSE), 1), 0))))) -> -1 | R25: =IF(OR(E25="OnGainRelic", O25>0), 0, ROUND((IF(Q25>0, Q25, T25)*0.7)/5, 0)*5) -> 460 | S25: =IF(OR(E25="OnGainRelic", O25>0), 0, ROUND((IF(Q25>0, Q25, T25)*1.3)/5, 0)*5) -> 860 | T25: =IF(E25="OnGainRelic", 0, MIN(IFERROR(VLOOKUP(D25, Relic_Price_Config!$A$5:$E$9, 4, FALSE), 350), MAX(IFERROR(VLOOKUP(D25, Relic_Price_Config!$A$5:$E$9, 3, FALSE), 210), ROUND((IFERROR(VLOOKUP(F25, Relic_Price_Config!$G$5:$N$100, 4, FALSE), 280) + N(H25) * IFERROR(VLOOKUP(F25, Relic_Price_Config!$G$5:$N$100, 5, FALSE), 10) + ABS(N(M25)) * IFERROR(VLOOKUP(F25, Relic_Price_Config!$G$5:$N$100, 6, FALSE), 15) + IF(N(N25)>1, (N(N25)-1)*10, 0)) * IFERROR(VLOOKUP(D25, Relic_Price_Config!$A$5:$E$9, 2, FALSE), 1), 0)))) -> 660 | U25: =IF(E25="OnGainRelic", "획득 시 즉발 (0원)", IFERROR(VLOOKUP(F25, Relic_Price_Config!$G$5:$N$100, 2, FALSE), "기타 효과")) -> 에너지 관련 (행동력 추가)
A26: RLC_Deep_Q004 | B26: 오레아드의 대지 코어 | C26: 전투 시작 시 철벽 3 (영구 지속) 획득 | D26: Deep | E26: OnBattleStart | F26: IronWallSelf | G26: Self | H26: 0 | J26: 0 | K26: IronWall | M26: 3 | N26: -1 | O26: -1 | P26: Quest | Q26: =IF(E26="OnGainRelic", 0, IF(OR(P26="Quest", P26="Monster", P26="Event", D26="Basic", D26="Upgrade"), -1, MIN(IFERROR(VLOOKUP(D26, Relic_Price_Config!$A$5:$E$9, 4, FALSE), 350), MAX(IFERROR(VLOOKUP(D26, Relic_Price_Config!$A$5:$E$9, 3, FALSE), 210), ROUND((IFERROR(VLOOKUP(F26, Relic_Price_Config!$G$5:$N$100, 4, FALSE), 280) + N(H26) * IFERROR(VLOOKUP(F26, Relic_Price_Config!$G$5:$N$100, 5, FALSE), 10) + ABS(N(M26)) * IFERROR(VLOOKUP(F26, Relic_Price_Config!$G$5:$N$100, 6, FALSE), 15) + IF(N(N26)>1, (N(N26)-1)*10, 0)) * IFERROR(VLOOKUP(D26, Relic_Price_Config!$A$5:$E$9, 2, FALSE), 1), 0))))) -> -1 | R26: =IF(OR(E26="OnGainRelic", O26>0), 0, ROUND((IF(Q26>0, Q26, T26)*0.7)/5, 0)*5) -> 490 | S26: =IF(OR(E26="OnGainRelic", O26>0), 0, ROUND((IF(Q26>0, Q26, T26)*1.3)/5, 0)*5) -> 910 | T26: =IF(E26="OnGainRelic", 0, MIN(IFERROR(VLOOKUP(D26, Relic_Price_Config!$A$5:$E$9, 4, FALSE), 350), MAX(IFERROR(VLOOKUP(D26, Relic_Price_Config!$A$5:$E$9, 3, FALSE), 210), ROUND((IFERROR(VLOOKUP(F26, Relic_Price_Config!$G$5:$N$100, 4, FALSE), 280) + N(H26) * IFERROR(VLOOKUP(F26, Relic_Price_Config!$G$5:$N$100, 5, FALSE), 10) + ABS(N(M26)) * IFERROR(VLOOKUP(F26, Relic_Price_Config!$G$5:$N$100, 6, FALSE), 15) + IF(N(N26)>1, (N(N26)-1)*10, 0)) * IFERROR(VLOOKUP(D26, Relic_Price_Config!$A$5:$E$9, 2, FALSE), 1), 0)))) -> 700 | U26: =IF(E26="OnGainRelic", "획득 시 즉발 (0원)", IFERROR(VLOOKUP(F26, Relic_Price_Config!$G$5:$N$100, 2, FALSE), "기타 효과")) -> 방어 증가 [받는 피해 감소]
A27: RLC_Deep_Q005 | B27: 사원소의 성배 | C27: 체력 회복 시 체력 1 추가 회복 획득 | D27: Deep | E27: OnHealHP | F27: HealSelf | G27: Self | H27: 2 | J27: 0 | M27: 0 | N27: 0 | O27: -1 | P27: Quest | Q27: =IF(E27="OnGainRelic", 0, IF(OR(P27="Quest", P27="Monster", P27="Event", D27="Basic", D27="Upgrade"), -1, MIN(IFERROR(VLOOKUP(D27, Relic_Price_Config!$A$5:$E$9, 4, FALSE), 350), MAX(IFERROR(VLOOKUP(D27, Relic_Price_Config!$A$5:$E$9, 3, FALSE), 210), ROUND((IFERROR(VLOOKUP(F27, Relic_Price_Config!$G$5:$N$100, 4, FALSE), 280) + N(H27) * IFERROR(VLOOKUP(F27, Relic_Price_Config!$G$5:$N$100, 5, FALSE), 10) + ABS(N(M27)) * IFERROR(VLOOKUP(F27, Relic_Price_Config!$G$5:$N$100, 6, FALSE), 15) + IF(N(N27)>1, (N(N27)-1)*10, 0)) * IFERROR(VLOOKUP(D27, Relic_Price_Config!$A$5:$E$9, 2, FALSE), 1), 0))))) -> -1 | R27: =IF(OR(E27="OnGainRelic", O27>0), 0, ROUND((IF(Q27>0, Q27, T27)*0.7)/5, 0)*5) -> 420 | S27: =IF(OR(E27="OnGainRelic", O27>0), 0, ROUND((IF(Q27>0, Q27, T27)*1.3)/5, 0)*5) -> 780 | T27: =IF(E27="OnGainRelic", 0, MIN(IFERROR(VLOOKUP(D27, Relic_Price_Config!$A$5:$E$9, 4, FALSE), 350), MAX(IFERROR(VLOOKUP(D27, Relic_Price_Config!$A$5:$E$9, 3, FALSE), 210), ROUND((IFERROR(VLOOKUP(F27, Relic_Price_Config!$G$5:$N$100, 4, FALSE), 280) + N(H27) * IFERROR(VLOOKUP(F27, Relic_Price_Config!$G$5:$N$100, 5, FALSE), 10) + ABS(N(M27)) * IFERROR(VLOOKUP(F27, Relic_Price_Config!$G$5:$N$100, 6, FALSE), 15) + IF(N(N27)>1, (N(N27)-1)*10, 0)) * IFERROR(VLOOKUP(D27, Relic_Price_Config!$A$5:$E$9, 2, FALSE), 1), 0)))) -> 600 | U27: =IF(E27="OnGainRelic", "획득 시 즉발 (0원)", IFERROR(VLOOKUP(F27, Relic_Price_Config!$G$5:$N$100, 2, FALSE), "기타 효과")) -> 방어 관련 [체력 회복]
A28: RLC_Deep_Q006 | B28: 샐러맨더의 불꽃 정수 | C28: 전투 시작 시 적 전체에게 2사이클 동안 허점(용암) 2 부여 | D28: Deep | E28: OnBattleStart | F28: StatusLavaAll | G28: AllEnemies | H28: 0 | J28: 0 | K28: Lava | M28: 2 | N28: 2 | O28: -1 | P28: Quest | Q28: =IF(E28="OnGainRelic", 0, IF(OR(P28="Quest", P28="Monster", P28="Event", D28="Basic", D28="Upgrade"), -1, MIN(IFERROR(VLOOKUP(D28, Relic_Price_Config!$A$5:$E$9, 4, FALSE), 350), MAX(IFERROR(VLOOKUP(D28, Relic_Price_Config!$A$5:$E$9, 3, FALSE), 210), ROUND((IFERROR(VLOOKUP(F28, Relic_Price_Config!$G$5:$N$100, 4, FALSE), 280) + N(H28) * IFERROR(VLOOKUP(F28, Relic_Price_Config!$G$5:$N$100, 5, FALSE), 10) + ABS(N(M28)) * IFERROR(VLOOKUP(F28, Relic_Price_Config!$G$5:$N$100, 6, FALSE), 15) + IF(N(N28)>1, (N(N28)-1)*10, 0)) * IFERROR(VLOOKUP(D28, Relic_Price_Config!$A$5:$E$9, 2, FALSE), 1), 0))))) -> -1 | R28: =IF(OR(E28="OnGainRelic", O28>0), 0, ROUND((IF(Q28>0, Q28, T28)*0.7)/5, 0)*5) -> 455 | S28: =IF(OR(E28="OnGainRelic", O28>0), 0, ROUND((IF(Q28>0, Q28, T28)*1.3)/5, 0)*5) -> 845 | T28: =IF(E28="OnGainRelic", 0, MIN(IFERROR(VLOOKUP(D28, Relic_Price_Config!$A$5:$E$9, 4, FALSE), 350), MAX(IFERROR(VLOOKUP(D28, Relic_Price_Config!$A$5:$E$9, 3, FALSE), 210), ROUND((IFERROR(VLOOKUP(F28, Relic_Price_Config!$G$5:$N$100, 4, FALSE), 280) + N(H28) * IFERROR(VLOOKUP(F28, Relic_Price_Config!$G$5:$N$100, 5, FALSE), 10) + ABS(N(M28)) * IFERROR(VLOOKUP(F28, Relic_Price_Config!$G$5:$N$100, 6, FALSE), 15) + IF(N(N28)>1, (N(N28)-1)*10, 0)) * IFERROR(VLOOKUP(D28, Relic_Price_Config!$A$5:$E$9, 2, FALSE), 1), 0)))) -> 650 | U28: =IF(E28="OnGainRelic", "획득 시 즉발 (0원)", IFERROR(VLOOKUP(F28, Relic_Price_Config!$G$5:$N$100, 2, FALSE), "기타 효과")) -> 공격 증가 [적 방어 스탯 감소]
A29: RLC_Deep_Q007 | B29: 실프의 바람 정수 | C29: 에너지를 소모할 때마다 보호막 7 획득 | D29: Deep | E29: OnUseEnergy | F29: ShieldSelf | G29: Self | H29: 7 | J29: 0 | M29: 0 | N29: 0 | O29: -1 | P29: Quest | Q29: =IF(E29="OnGainRelic", 0, IF(OR(P29="Quest", P29="Monster", P29="Event", D29="Basic", D29="Upgrade"), -1, MIN(IFERROR(VLOOKUP(D29, Relic_Price_Config!$A$5:$E$9, 4, FALSE), 350), MAX(IFERROR(VLOOKUP(D29, Relic_Price_Config!$A$5:$E$9, 3, FALSE), 210), ROUND((IFERROR(VLOOKUP(F29, Relic_Price_Config!$G$5:$N$100, 4, FALSE), 280) + N(H29) * IFERROR(VLOOKUP(F29, Relic_Price_Config!$G$5:$N$100, 5, FALSE), 10) + ABS(N(M29)) * IFERROR(VLOOKUP(F29, Relic_Price_Config!$G$5:$N$100, 6, FALSE), 15) + IF(N(N29)>1, (N(N29)-1)*10, 0)) * IFERROR(VLOOKUP(D29, Relic_Price_Config!$A$5:$E$9, 2, FALSE), 1), 0))))) -> -1 | R29: =IF(OR(E29="OnGainRelic", O29>0), 0, ROUND((IF(Q29>0, Q29, T29)*0.7)/5, 0)*5) -> 490 | S29: =IF(OR(E29="OnGainRelic", O29>0), 0, ROUND((IF(Q29>0, Q29, T29)*1.3)/5, 0)*5) -> 910 | T29: =IF(E29="OnGainRelic", 0, MIN(IFERROR(VLOOKUP(D29, Relic_Price_Config!$A$5:$E$9, 4, FALSE), 350), MAX(IFERROR(VLOOKUP(D29, Relic_Price_Config!$A$5:$E$9, 3, FALSE), 210), ROUND((IFERROR(VLOOKUP(F29, Relic_Price_Config!$G$5:$N$100, 4, FALSE), 280) + N(H29) * IFERROR(VLOOKUP(F29, Relic_Price_Config!$G$5:$N$100, 5, FALSE), 10) + ABS(N(M29)) * IFERROR(VLOOKUP(F29, Relic_Price_Config!$G$5:$N$100, 6, FALSE), 15) + IF(N(N29)>1, (N(N29)-1)*10, 0)) * IFERROR(VLOOKUP(D29, Relic_Price_Config!$A$5:$E$9, 2, FALSE), 1), 0)))) -> 700 | U29: =IF(E29="OnGainRelic", "획득 시 즉발 (0원)", IFERROR(VLOOKUP(F29, Relic_Price_Config!$G$5:$N$100, 2, FALSE), "기타 효과")) -> 방어 관련 [보호막 획득]
A30: RLC_Deep_Q008 | B30: 노움의 대지 정수 | C30: 보호막 획득 시 보호막 4를 추가로 획득한다 | D30: Deep | E30: OnGainShield | F30: ShieldSelf | G30: Self | H30: 4 | J30: 0 | M30: 0 | N30: 0 | O30: -1 | P30: Quest | Q30: =IF(E30="OnGainRelic", 0, IF(OR(P30="Quest", P30="Monster", P30="Event", D30="Basic", D30="Upgrade"), -1, MIN(IFERROR(VLOOKUP(D30, Relic_Price_Config!$A$5:$E$9, 4, FALSE), 350), MAX(IFERROR(VLOOKUP(D30, Relic_Price_Config!$A$5:$E$9, 3, FALSE), 210), ROUND((IFERROR(VLOOKUP(F30, Relic_Price_Config!$G$5:$N$100, 4, FALSE), 280) + N(H30) * IFERROR(VLOOKUP(F30, Relic_Price_Config!$G$5:$N$100, 5, FALSE), 10) + ABS(N(M30)) * IFERROR(VLOOKUP(F30, Relic_Price_Config!$G$5:$N$100, 6, FALSE), 15) + IF(N(N30)>1, (N(N30)-1)*10, 0)) * IFERROR(VLOOKUP(D30, Relic_Price_Config!$A$5:$E$9, 2, FALSE), 1), 0))))) -> -1 | R30: =IF(OR(E30="OnGainRelic", O30>0), 0, ROUND((IF(Q30>0, Q30, T30)*0.7)/5, 0)*5) -> 460 | S30: =IF(OR(E30="OnGainRelic", O30>0), 0, ROUND((IF(Q30>0, Q30, T30)*1.3)/5, 0)*5) -> 860 | T30: =IF(E30="OnGainRelic", 0, MIN(IFERROR(VLOOKUP(D30, Relic_Price_Config!$A$5:$E$9, 4, FALSE), 350), MAX(IFERROR(VLOOKUP(D30, Relic_Price_Config!$A$5:$E$9, 3, FALSE), 210), ROUND((IFERROR(VLOOKUP(F30, Relic_Price_Config!$G$5:$N$100, 4, FALSE), 280) + N(H30) * IFERROR(VLOOKUP(F30, Relic_Price_Config!$G$5:$N$100, 5, FALSE), 10) + ABS(N(M30)) * IFERROR(VLOOKUP(F30, Relic_Price_Config!$G$5:$N$100, 6, FALSE), 15) + IF(N(N30)>1, (N(N30)-1)*10, 0)) * IFERROR(VLOOKUP(D30, Relic_Price_Config!$A$5:$E$9, 2, FALSE), 1), 0)))) -> 660 | U30: =IF(E30="OnGainRelic", "획득 시 즉발 (0원)", IFERROR(VLOOKUP(F30, Relic_Price_Config!$G$5:$N$100, 2, FALSE), "기타 효과")) -> 방어 관련 [보호막 획득]
A31: RLC_Deep_Q009 | B31: 정화된 어둠의 성유물 | C31: 전투 시작 시 적 전체에게 2사이클 동안 공포 1 부여 | D31: Deep | E31: OnBattleStart | F31: StatusFearAll | G31: AllEnemies | H31: 0 | J31: 0 | K31: Fear | M31: 1 | N31: 2 | O31: -1 | P31: Quest | Q31: =IF(E31="OnGainRelic", 0, IF(OR(P31="Quest", P31="Monster", P31="Event", D31="Basic", D31="Upgrade"), -1, MIN(IFERROR(VLOOKUP(D31, Relic_Price_Config!$A$5:$E$9, 4, FALSE), 350), MAX(IFERROR(VLOOKUP(D31, Relic_Price_Config!$A$5:$E$9, 3, FALSE), 210), ROUND((IFERROR(VLOOKUP(F31, Relic_Price_Config!$G$5:$N$100, 4, FALSE), 280) + N(H31) * IFERROR(VLOOKUP(F31, Relic_Price_Config!$G$5:$N$100, 5, FALSE), 10) + ABS(N(M31)) * IFERROR(VLOOKUP(F31, Relic_Price_Config!$G$5:$N$100, 6, FALSE), 15) + IF(N(N31)>1, (N(N31)-1)*10, 0)) * IFERROR(VLOOKUP(D31, Relic_Price_Config!$A$5:$E$9, 2, FALSE), 1), 0))))) -> -1 | R31: =IF(OR(E31="OnGainRelic", O31>0), 0, ROUND((IF(Q31>0, Q31, T31)*0.7)/5, 0)*5) -> 450 | S31: =IF(OR(E31="OnGainRelic", O31>0), 0, ROUND((IF(Q31>0, Q31, T31)*1.3)/5, 0)*5) -> 830 | T31: =IF(E31="OnGainRelic", 0, MIN(IFERROR(VLOOKUP(D31, Relic_Price_Config!$A$5:$E$9, 4, FALSE), 350), MAX(IFERROR(VLOOKUP(D31, Relic_Price_Config!$A$5:$E$9, 3, FALSE), 210), ROUND((IFERROR(VLOOKUP(F31, Relic_Price_Config!$G$5:$N$100, 4, FALSE), 280) + N(H31) * IFERROR(VLOOKUP(F31, Relic_Price_Config!$G$5:$N$100, 5, FALSE), 10) + ABS(N(M31)) * IFERROR(VLOOKUP(F31, Relic_Price_Config!$G$5:$N$100, 6, FALSE), 15) + IF(N(N31)>1, (N(N31)-1)*10, 0)) * IFERROR(VLOOKUP(D31, Relic_Price_Config!$A$5:$E$9, 2, FALSE), 1), 0)))) -> 640 | U31: =IF(E31="OnGainRelic", "획득 시 즉발 (0원)", IFERROR(VLOOKUP(F31, Relic_Price_Config!$G$5:$N$100, 2, FALSE), "기타 효과")) -> 방어 증가 [적 공격/화력 감소]
A32: RLC_Deep_Q010 | B32: 위스프의 빛무리 정수 | C32: 전투 시작 시 1사이클 동안 불굴(실명)(받는 피해 1 고정) 획득 | D32: Deep | E32: OnBattleStart | F32: BlindnessSelf | G32: Self | H32: 0 | J32: 0 | K32: Blindness | M32: 1 | N32: 1 | O32: -1 | P32: Quest | Q32: =IF(E32="OnGainRelic", 0, IF(OR(P32="Quest", P32="Monster", P32="Event", D32="Basic", D32="Upgrade"), -1, MIN(IFERROR(VLOOKUP(D32, Relic_Price_Config!$A$5:$E$9, 4, FALSE), 350), MAX(IFERROR(VLOOKUP(D32, Relic_Price_Config!$A$5:$E$9, 3, FALSE), 210), ROUND((IFERROR(VLOOKUP(F32, Relic_Price_Config!$G$5:$N$100, 4, FALSE), 280) + N(H32) * IFERROR(VLOOKUP(F32, Relic_Price_Config!$G$5:$N$100, 5, FALSE), 10) + ABS(N(M32)) * IFERROR(VLOOKUP(F32, Relic_Price_Config!$G$5:$N$100, 6, FALSE), 15) + IF(N(N32)>1, (N(N32)-1)*10, 0)) * IFERROR(VLOOKUP(D32, Relic_Price_Config!$A$5:$E$9, 2, FALSE), 1), 0))))) -> -1 | R32: =IF(OR(E32="OnGainRelic", O32>0), 0, ROUND((IF(Q32>0, Q32, T32)*0.7)/5, 0)*5) -> 415 | S32: =IF(OR(E32="OnGainRelic", O32>0), 0, ROUND((IF(Q32>0, Q32, T32)*1.3)/5, 0)*5) -> 765 | T32: =IF(E32="OnGainRelic", 0, MIN(IFERROR(VLOOKUP(D32, Relic_Price_Config!$A$5:$E$9, 4, FALSE), 350), MAX(IFERROR(VLOOKUP(D32, Relic_Price_Config!$A$5:$E$9, 3, FALSE), 210), ROUND((IFERROR(VLOOKUP(F32, Relic_Price_Config!$G$5:$N$100, 4, FALSE), 280) + N(H32) * IFERROR(VLOOKUP(F32, Relic_Price_Config!$G$5:$N$100, 5, FALSE), 10) + ABS(N(M32)) * IFERROR(VLOOKUP(F32, Relic_Price_Config!$G$5:$N$100, 6, FALSE), 15) + IF(N(N32)>1, (N(N32)-1)*10, 0)) * IFERROR(VLOOKUP(D32, Relic_Price_Config!$A$5:$E$9, 2, FALSE), 1), 0)))) -> 590 | U32: =IF(E32="OnGainRelic", "획득 시 즉발 (0원)", IFERROR(VLOOKUP(F32, Relic_Price_Config!$G$5:$N$100, 2, FALSE), "기타 효과")) -> 방어 관련 [실명: 피해 1 고정]
A33: RLC_Deep_Q011 | B33: 운디네의 맑은 영수 | C33: 휴식터에 입장할 시 체력 20 추가 회복 | D33: Deep | E33: OnRestStart | F33: HealSelf | G33: Self | H33: 20 | J33: 0 | M33: 0 | N33: 0 | O33: -1 | P33: Quest | Q33: =IF(E33="OnGainRelic", 0, IF(OR(P33="Quest", P33="Monster", P33="Event", D33="Basic", D33="Upgrade"), -1, MIN(IFERROR(VLOOKUP(D33, Relic_Price_Config!$A$5:$E$9, 4, FALSE), 350), MAX(IFERROR(VLOOKUP(D33, Relic_Price_Config!$A$5:$E$9, 3, FALSE), 210), ROUND((IFERROR(VLOOKUP(F33, Relic_Price_Config!$G$5:$N$100, 4, FALSE), 280) + N(H33) * IFERROR(VLOOKUP(F33, Relic_Price_Config!$G$5:$N$100, 5, FALSE), 10) + ABS(N(M33)) * IFERROR(VLOOKUP(F33, Relic_Price_Config!$G$5:$N$100, 6, FALSE), 15) + IF(N(N33)>1, (N(N33)-1)*10, 0)) * IFERROR(VLOOKUP(D33, Relic_Price_Config!$A$5:$E$9, 2, FALSE), 1), 0))))) -> -1 | R33: =IF(OR(E33="OnGainRelic", O33>0), 0, ROUND((IF(Q33>0, Q33, T33)*0.7)/5, 0)*5) -> 490 | S33: =IF(OR(E33="OnGainRelic", O33>0), 0, ROUND((IF(Q33>0, Q33, T33)*1.3)/5, 0)*5) -> 910 | T33: =IF(E33="OnGainRelic", 0, MIN(IFERROR(VLOOKUP(D33, Relic_Price_Config!$A$5:$E$9, 4, FALSE), 350), MAX(IFERROR(VLOOKUP(D33, Relic_Price_Config!$A$5:$E$9, 3, FALSE), 210), ROUND((IFERROR(VLOOKUP(F33, Relic_Price_Config!$G$5:$N$100, 4, FALSE), 280) + N(H33) * IFERROR(VLOOKUP(F33, Relic_Price_Config!$G$5:$N$100, 5, FALSE), 10) + ABS(N(M33)) * IFERROR(VLOOKUP(F33, Relic_Price_Config!$G$5:$N$100, 6, FALSE), 15) + IF(N(N33)>1, (N(N33)-1)*10, 0)) * IFERROR(VLOOKUP(D33, Relic_Price_Config!$A$5:$E$9, 2, FALSE), 1), 0)))) -> 700 | U33: =IF(E33="OnGainRelic", "획득 시 즉발 (0원)", IFERROR(VLOOKUP(F33, Relic_Price_Config!$G$5:$N$100, 2, FALSE), "기타 효과")) -> 방어 관련 [체력 회복]
A34: RLC_Deep_Q012 | B34: 선봉대장의 황금 훈장 | C34: 전투 시작 시 아군 전체의 공격을 2 증가시킨다 | D34: Deep | E34: OnBattleStart | F34: BraveAll | G34: AllAllies | H34: 0 | J34: 0 | K34: Brave | M34: 2 | N34: -1 | O34: -1 | P34: Quest | Q34: =IF(E34="OnGainRelic", 0, IF(OR(P34="Quest", P34="Monster", P34="Event", D34="Basic", D34="Upgrade"), -1, MIN(IFERROR(VLOOKUP(D34, Relic_Price_Config!$A$5:$E$9, 4, FALSE), 350), MAX(IFERROR(VLOOKUP(D34, Relic_Price_Config!$A$5:$E$9, 3, FALSE), 210), ROUND((IFERROR(VLOOKUP(F34, Relic_Price_Config!$G$5:$N$100, 4, FALSE), 280) + N(H34) * IFERROR(VLOOKUP(F34, Relic_Price_Config!$G$5:$N$100, 5, FALSE), 10) + ABS(N(M34)) * IFERROR(VLOOKUP(F34, Relic_Price_Config!$G$5:$N$100, 6, FALSE), 15) + IF(N(N34)>1, (N(N34)-1)*10, 0)) * IFERROR(VLOOKUP(D34, Relic_Price_Config!$A$5:$E$9, 2, FALSE), 1), 0))))) -> -1 | R34: =IF(OR(E34="OnGainRelic", O34>0), 0, ROUND((IF(Q34>0, Q34, T34)*0.7)/5, 0)*5) -> 475 | S34: =IF(OR(E34="OnGainRelic", O34>0), 0, ROUND((IF(Q34>0, Q34, T34)*1.3)/5, 0)*5) -> 885 | T34: =IF(E34="OnGainRelic", 0, MIN(IFERROR(VLOOKUP(D34, Relic_Price_Config!$A$5:$E$9, 4, FALSE), 350), MAX(IFERROR(VLOOKUP(D34, Relic_Price_Config!$A$5:$E$9, 3, FALSE), 210), ROUND((IFERROR(VLOOKUP(F34, Relic_Price_Config!$G$5:$N$100, 4, FALSE), 280) + N(H34) * IFERROR(VLOOKUP(F34, Relic_Price_Config!$G$5:$N$100, 5, FALSE), 10) + ABS(N(M34)) * IFERROR(VLOOKUP(F34, Relic_Price_Config!$G$5:$N$100, 6, FALSE), 15) + IF(N(N34)>1, (N(N34)-1)*10, 0)) * IFERROR(VLOOKUP(D34, Relic_Price_Config!$A$5:$E$9, 2, FALSE), 1), 0)))) -> 680 | U34: =IF(E34="OnGainRelic", "획득 시 즉발 (0원)", IFERROR(VLOOKUP(F34, Relic_Price_Config!$G$5:$N$100, 2, FALSE), "기타 효과")) -> 공격 증가 [광역 공격 상승]
A35: RLC_Deep_Q013 | B35: 대마법사의 마도서 | C35: 자신의 턴 시작 시 에너지 1 추가 획득 | D35: Deep | E35: OnTurnStart | F35: GainEnergy | G35: Self | H35: 1 | J35: 0 | M35: 0 | N35: 0 | O35: -1 | P35: Quest | Q35: =IF(E35="OnGainRelic", 0, IF(OR(P35="Quest", P35="Monster", P35="Event", D35="Basic", D35="Upgrade"), -1, MIN(IFERROR(VLOOKUP(D35, Relic_Price_Config!$A$5:$E$9, 4, FALSE), 350), MAX(IFERROR(VLOOKUP(D35, Relic_Price_Config!$A$5:$E$9, 3, FALSE), 210), ROUND((IFERROR(VLOOKUP(F35, Relic_Price_Config!$G$5:$N$100, 4, FALSE), 280) + N(H35) * IFERROR(VLOOKUP(F35, Relic_Price_Config!$G$5:$N$100, 5, FALSE), 10) + ABS(N(M35)) * IFERROR(VLOOKUP(F35, Relic_Price_Config!$G$5:$N$100, 6, FALSE), 15) + IF(N(N35)>1, (N(N35)-1)*10, 0)) * IFERROR(VLOOKUP(D35, Relic_Price_Config!$A$5:$E$9, 2, FALSE), 1), 0))))) -> -1 | R35: =IF(OR(E35="OnGainRelic", O35>0), 0, ROUND((IF(Q35>0, Q35, T35)*0.7)/5, 0)*5) -> 460 | S35: =IF(OR(E35="OnGainRelic", O35>0), 0, ROUND((IF(Q35>0, Q35, T35)*1.3)/5, 0)*5) -> 860 | T35: =IF(E35="OnGainRelic", 0, MIN(IFERROR(VLOOKUP(D35, Relic_Price_Config!$A$5:$E$9, 4, FALSE), 350), MAX(IFERROR(VLOOKUP(D35, Relic_Price_Config!$A$5:$E$9, 3, FALSE), 210), ROUND((IFERROR(VLOOKUP(F35, Relic_Price_Config!$G$5:$N$100, 4, FALSE), 280) + N(H35) * IFERROR(VLOOKUP(F35, Relic_Price_Config!$G$5:$N$100, 5, FALSE), 10) + ABS(N(M35)) * IFERROR(VLOOKUP(F35, Relic_Price_Config!$G$5:$N$100, 6, FALSE), 15) + IF(N(N35)>1, (N(N35)-1)*10, 0)) * IFERROR(VLOOKUP(D35, Relic_Price_Config!$A$5:$E$9, 2, FALSE), 1), 0)))) -> 660 | U35: =IF(E35="OnGainRelic", "획득 시 즉발 (0원)", IFERROR(VLOOKUP(F35, Relic_Price_Config!$G$5:$N$100, 2, FALSE), "기타 효과")) -> 에너지 관련 (행동력 추가)
A36: RLC_Deep_Q014 | B36: 테르미누스의 성흔 | C36: 전투 시작 시 철벽 2(영구 지속) 획득 (받는 피해 2 감소) | D36: Deep | E36: OnBattleStart | F36: IronWallSelf | G36: Self | H36: 0 | J36: 0 | K36: IronWall | M36: 2 | N36: -1 | O36: -1 | P36: Quest | Q36: =IF(E36="OnGainRelic", 0, IF(OR(P36="Quest", P36="Monster", P36="Event", D36="Basic", D36="Upgrade"), -1, MIN(IFERROR(VLOOKUP(D36, Relic_Price_Config!$A$5:$E$9, 4, FALSE), 350), MAX(IFERROR(VLOOKUP(D36, Relic_Price_Config!$A$5:$E$9, 3, FALSE), 210), ROUND((IFERROR(VLOOKUP(F36, Relic_Price_Config!$G$5:$N$100, 4, FALSE), 280) + N(H36) * IFERROR(VLOOKUP(F36, Relic_Price_Config!$G$5:$N$100, 5, FALSE), 10) + ABS(N(M36)) * IFERROR(VLOOKUP(F36, Relic_Price_Config!$G$5:$N$100, 6, FALSE), 15) + IF(N(N36)>1, (N(N36)-1)*10, 0)) * IFERROR(VLOOKUP(D36, Relic_Price_Config!$A$5:$E$9, 2, FALSE), 1), 0))))) -> -1 | R36: =IF(OR(E36="OnGainRelic", O36>0), 0, ROUND((IF(Q36>0, Q36, T36)*0.7)/5, 0)*5) -> 460 | S36: =IF(OR(E36="OnGainRelic", O36>0), 0, ROUND((IF(Q36>0, Q36, T36)*1.3)/5, 0)*5) -> 860 | T36: =IF(E36="OnGainRelic", 0, MIN(IFERROR(VLOOKUP(D36, Relic_Price_Config!$A$5:$E$9, 4, FALSE), 350), MAX(IFERROR(VLOOKUP(D36, Relic_Price_Config!$A$5:$E$9, 3, FALSE), 210), ROUND((IFERROR(VLOOKUP(F36, Relic_Price_Config!$G$5:$N$100, 4, FALSE), 280) + N(H36) * IFERROR(VLOOKUP(F36, Relic_Price_Config!$G$5:$N$100, 5, FALSE), 10) + ABS(N(M36)) * IFERROR(VLOOKUP(F36, Relic_Price_Config!$G$5:$N$100, 6, FALSE), 15) + IF(N(N36)>1, (N(N36)-1)*10, 0)) * IFERROR(VLOOKUP(D36, Relic_Price_Config!$A$5:$E$9, 2, FALSE), 1), 0)))) -> 660 | U36: =IF(E36="OnGainRelic", "획득 시 즉발 (0원)", IFERROR(VLOOKUP(F36, Relic_Price_Config!$G$5:$N$100, 2, FALSE), "기타 효과")) -> 방어 증가 [받는 피해 감소]
A37: RLC_Mid_Q001 | B37: 리자드 킹의 왕관 | C37: 상대의 보호막 공격 시 적 전체에게 5의 추가 피해 부여 | D37: Mid | E37: OnHitShield | F37: HitAllEnemies | G37: AllEnemies | H37: 5 | J37: 0 | M37: 0 | N37: 0 | O37: -1 | P37: Quest | Q37: =IF(E37="OnGainRelic", 0, IF(OR(P37="Quest", P37="Monster", P37="Event", D37="Basic", D37="Upgrade"), -1, MIN(IFERROR(VLOOKUP(D37, Relic_Price_Config!$A$5:$E$9, 4, FALSE), 350), MAX(IFERROR(VLOOKUP(D37, Relic_Price_Config!$A$5:$E$9, 3, FALSE), 210), ROUND((IFERROR(VLOOKUP(F37, Relic_Price_Config!$G$5:$N$100, 4, FALSE), 280) + N(H37) * IFERROR(VLOOKUP(F37, Relic_Price_Config!$G$5:$N$100, 5, FALSE), 10) + ABS(N(M37)) * IFERROR(VLOOKUP(F37, Relic_Price_Config!$G$5:$N$100, 6, FALSE), 15) + IF(N(N37)>1, (N(N37)-1)*10, 0)) * IFERROR(VLOOKUP(D37, Relic_Price_Config!$A$5:$E$9, 2, FALSE), 1), 0))))) -> -1 | R37: =IF(OR(E37="OnGainRelic", O37>0), 0, ROUND((IF(Q37>0, Q37, T37)*0.7)/5, 0)*5) -> 325 | S37: =IF(OR(E37="OnGainRelic", O37>0), 0, ROUND((IF(Q37>0, Q37, T37)*1.3)/5, 0)*5) -> 605 | T37: =IF(E37="OnGainRelic", 0, MIN(IFERROR(VLOOKUP(D37, Relic_Price_Config!$A$5:$E$9, 4, FALSE), 350), MAX(IFERROR(VLOOKUP(D37, Relic_Price_Config!$A$5:$E$9, 3, FALSE), 210), ROUND((IFERROR(VLOOKUP(F37, Relic_Price_Config!$G$5:$N$100, 4, FALSE), 280) + N(H37) * IFERROR(VLOOKUP(F37, Relic_Price_Config!$G$5:$N$100, 5, FALSE), 10) + ABS(N(M37)) * IFERROR(VLOOKUP(F37, Relic_Price_Config!$G$5:$N$100, 6, FALSE), 15) + IF(N(N37)>1, (N(N37)-1)*10, 0)) * IFERROR(VLOOKUP(D37, Relic_Price_Config!$A$5:$E$9, 2, FALSE), 1), 0)))) -> 465 | U37: =IF(E37="OnGainRelic", "획득 시 즉발 (0원)", IFERROR(VLOOKUP(F37, Relic_Price_Config!$G$5:$N$100, 2, FALSE), "기타 효과")) -> 광역 피해 [전체 데미지]
A38: RLC_Mid_Q002 | B38: 인도자의 주술 지팡이 | C38: 전투 시작 시 아군 전체의 방어를 2 증가시킨다 | D38: Mid | E38: OnBattleStart | F38: SolidAll | G38: AllAllies | H38: 0 | J38: 0 | K38: Solid | M38: 2 | N38: -1 | O38: -1 | P38: Quest | Q38: =IF(E38="OnGainRelic", 0, IF(OR(P38="Quest", P38="Monster", P38="Event", D38="Basic", D38="Upgrade"), -1, MIN(IFERROR(VLOOKUP(D38, Relic_Price_Config!$A$5:$E$9, 4, FALSE), 350), MAX(IFERROR(VLOOKUP(D38, Relic_Price_Config!$A$5:$E$9, 3, FALSE), 210), ROUND((IFERROR(VLOOKUP(F38, Relic_Price_Config!$G$5:$N$100, 4, FALSE), 280) + N(H38) * IFERROR(VLOOKUP(F38, Relic_Price_Config!$G$5:$N$100, 5, FALSE), 10) + ABS(N(M38)) * IFERROR(VLOOKUP(F38, Relic_Price_Config!$G$5:$N$100, 6, FALSE), 15) + IF(N(N38)>1, (N(N38)-1)*10, 0)) * IFERROR(VLOOKUP(D38, Relic_Price_Config!$A$5:$E$9, 2, FALSE), 1), 0))))) -> -1 | R38: =IF(OR(E38="OnGainRelic", O38>0), 0, ROUND((IF(Q38>0, Q38, T38)*0.7)/5, 0)*5) -> 355 | S38: =IF(OR(E38="OnGainRelic", O38>0), 0, ROUND((IF(Q38>0, Q38, T38)*1.3)/5, 0)*5) -> 665 | T38: =IF(E38="OnGainRelic", 0, MIN(IFERROR(VLOOKUP(D38, Relic_Price_Config!$A$5:$E$9, 4, FALSE), 350), MAX(IFERROR(VLOOKUP(D38, Relic_Price_Config!$A$5:$E$9, 3, FALSE), 210), ROUND((IFERROR(VLOOKUP(F38, Relic_Price_Config!$G$5:$N$100, 4, FALSE), 280) + N(H38) * IFERROR(VLOOKUP(F38, Relic_Price_Config!$G$5:$N$100, 5, FALSE), 10) + ABS(N(M38)) * IFERROR(VLOOKUP(F38, Relic_Price_Config!$G$5:$N$100, 6, FALSE), 15) + IF(N(N38)>1, (N(N38)-1)*10, 0)) * IFERROR(VLOOKUP(D38, Relic_Price_Config!$A$5:$E$9, 2, FALSE), 1), 0)))) -> 510 | U38: =IF(E38="OnGainRelic", "획득 시 즉발 (0원)", IFERROR(VLOOKUP(F38, Relic_Price_Config!$G$5:$N$100, 2, FALSE), "기타 효과")) -> 방어 증가 [광역 방어 상승]
A39: RLC_Mid_Q003 | B39: 족장의 전투 깃발 | C39: 전투 시작 시 아군 전체의 공격을 2 증가시킨다 | D39: Mid | E39: OnBattleStart | F39: BraveAll | G39: AllAllies | H39: 0 | J39: 0 | K39: Brave | M39: 2 | N39: -1 | O39: -1 | P39: Quest | Q39: =IF(E39="OnGainRelic", 0, IF(OR(P39="Quest", P39="Monster", P39="Event", D39="Basic", D39="Upgrade"), -1, MIN(IFERROR(VLOOKUP(D39, Relic_Price_Config!$A$5:$E$9, 4, FALSE), 350), MAX(IFERROR(VLOOKUP(D39, Relic_Price_Config!$A$5:$E$9, 3, FALSE), 210), ROUND((IFERROR(VLOOKUP(F39, Relic_Price_Config!$G$5:$N$100, 4, FALSE), 280) + N(H39) * IFERROR(VLOOKUP(F39, Relic_Price_Config!$G$5:$N$100, 5, FALSE), 10) + ABS(N(M39)) * IFERROR(VLOOKUP(F39, Relic_Price_Config!$G$5:$N$100, 6, FALSE), 15) + IF(N(N39)>1, (N(N39)-1)*10, 0)) * IFERROR(VLOOKUP(D39, Relic_Price_Config!$A$5:$E$9, 2, FALSE), 1), 0))))) -> -1 | R39: =IF(OR(E39="OnGainRelic", O39>0), 0, ROUND((IF(Q39>0, Q39, T39)*0.7)/5, 0)*5) -> 355 | S39: =IF(OR(E39="OnGainRelic", O39>0), 0, ROUND((IF(Q39>0, Q39, T39)*1.3)/5, 0)*5) -> 665 | T39: =IF(E39="OnGainRelic", 0, MIN(IFERROR(VLOOKUP(D39, Relic_Price_Config!$A$5:$E$9, 4, FALSE), 350), MAX(IFERROR(VLOOKUP(D39, Relic_Price_Config!$A$5:$E$9, 3, FALSE), 210), ROUND((IFERROR(VLOOKUP(F39, Relic_Price_Config!$G$5:$N$100, 4, FALSE), 280) + N(H39) * IFERROR(VLOOKUP(F39, Relic_Price_Config!$G$5:$N$100, 5, FALSE), 10) + ABS(N(M39)) * IFERROR(VLOOKUP(F39, Relic_Price_Config!$G$5:$N$100, 6, FALSE), 15) + IF(N(N39)>1, (N(N39)-1)*10, 0)) * IFERROR(VLOOKUP(D39, Relic_Price_Config!$A$5:$E$9, 2, FALSE), 1), 0)))) -> 510 | U39: =IF(E39="OnGainRelic", "획득 시 즉발 (0원)", IFERROR(VLOOKUP(F39, Relic_Price_Config!$G$5:$N$100, 2, FALSE), "기타 효과")) -> 공격 증가 [광역 공격 상승]
A40: RLC_Mid_Q004 | B40: 사냥꾼의 올가미 | C40: 가디언 전투 시작 시 적 전체에게 2사이클 동안 급소 부여 | D40: Mid | E40: OnGuardianBattleStart | F40: StatusMarkAll | G40: AllEnemies | H40: 0 | J40: 0 | K40: Mark | M40: 1 | N40: 2 | O40: -1 | P40: Quest | Q40: =IF(E40="OnGainRelic", 0, IF(OR(P40="Quest", P40="Monster", P40="Event", D40="Basic", D40="Upgrade"), -1, MIN(IFERROR(VLOOKUP(D40, Relic_Price_Config!$A$5:$E$9, 4, FALSE), 350), MAX(IFERROR(VLOOKUP(D40, Relic_Price_Config!$A$5:$E$9, 3, FALSE), 210), ROUND((IFERROR(VLOOKUP(F40, Relic_Price_Config!$G$5:$N$100, 4, FALSE), 280) + N(H40) * IFERROR(VLOOKUP(F40, Relic_Price_Config!$G$5:$N$100, 5, FALSE), 10) + ABS(N(M40)) * IFERROR(VLOOKUP(F40, Relic_Price_Config!$G$5:$N$100, 6, FALSE), 15) + IF(N(N40)>1, (N(N40)-1)*10, 0)) * IFERROR(VLOOKUP(D40, Relic_Price_Config!$A$5:$E$9, 2, FALSE), 1), 0))))) -> -1 | R40: =IF(OR(E40="OnGainRelic", O40>0), 0, ROUND((IF(Q40>0, Q40, T40)*0.7)/5, 0)*5) -> 335 | S40: =IF(OR(E40="OnGainRelic", O40>0), 0, ROUND((IF(Q40>0, Q40, T40)*1.3)/5, 0)*5) -> 625 | T40: =IF(E40="OnGainRelic", 0, MIN(IFERROR(VLOOKUP(D40, Relic_Price_Config!$A$5:$E$9, 4, FALSE), 350), MAX(IFERROR(VLOOKUP(D40, Relic_Price_Config!$A$5:$E$9, 3, FALSE), 210), ROUND((IFERROR(VLOOKUP(F40, Relic_Price_Config!$G$5:$N$100, 4, FALSE), 280) + N(H40) * IFERROR(VLOOKUP(F40, Relic_Price_Config!$G$5:$N$100, 5, FALSE), 10) + ABS(N(M40)) * IFERROR(VLOOKUP(F40, Relic_Price_Config!$G$5:$N$100, 6, FALSE), 15) + IF(N(N40)>1, (N(N40)-1)*10, 0)) * IFERROR(VLOOKUP(D40, Relic_Price_Config!$A$5:$E$9, 2, FALSE), 1), 0)))) -> 480 | U40: =IF(E40="OnGainRelic", "획득 시 즉발 (0원)", IFERROR(VLOOKUP(F40, Relic_Price_Config!$G$5:$N$100, 2, FALSE), "기타 효과")) -> 공격 증가 [적 받는 피해 증가]
A41: RLC_Mid_Q005 | B41: 정찰병의 깃털 망토 | C41: 전투 시작 시 민첩(회피) 2 증가 | D41: Mid | E41: OnBattleStart | F41: EvasionSelf | G41: Self | H41: 0 | J41: 0 | K41: Evasion | M41: 2 | N41: -1 | O41: -1 | P41: Quest | Q41: =IF(E41="OnGainRelic", 0, IF(OR(P41="Quest", P41="Monster", P41="Event", D41="Basic", D41="Upgrade"), -1, MIN(IFERROR(VLOOKUP(D41, Relic_Price_Config!$A$5:$E$9, 4, FALSE), 350), MAX(IFERROR(VLOOKUP(D41, Relic_Price_Config!$A$5:$E$9, 3, FALSE), 210), ROUND((IFERROR(VLOOKUP(F41, Relic_Price_Config!$G$5:$N$100, 4, FALSE), 280) + N(H41) * IFERROR(VLOOKUP(F41, Relic_Price_Config!$G$5:$N$100, 5, FALSE), 10) + ABS(N(M41)) * IFERROR(VLOOKUP(F41, Relic_Price_Config!$G$5:$N$100, 6, FALSE), 15) + IF(N(N41)>1, (N(N41)-1)*10, 0)) * IFERROR(VLOOKUP(D41, Relic_Price_Config!$A$5:$E$9, 2, FALSE), 1), 0))))) -> -1 | R41: =IF(OR(E41="OnGainRelic", O41>0), 0, ROUND((IF(Q41>0, Q41, T41)*0.7)/5, 0)*5) -> 345 | S41: =IF(OR(E41="OnGainRelic", O41>0), 0, ROUND((IF(Q41>0, Q41, T41)*1.3)/5, 0)*5) -> 645 | T41: =IF(E41="OnGainRelic", 0, MIN(IFERROR(VLOOKUP(D41, Relic_Price_Config!$A$5:$E$9, 4, FALSE), 350), MAX(IFERROR(VLOOKUP(D41, Relic_Price_Config!$A$5:$E$9, 3, FALSE), 210), ROUND((IFERROR(VLOOKUP(F41, Relic_Price_Config!$G$5:$N$100, 4, FALSE), 280) + N(H41) * IFERROR(VLOOKUP(F41, Relic_Price_Config!$G$5:$N$100, 5, FALSE), 10) + ABS(N(M41)) * IFERROR(VLOOKUP(F41, Relic_Price_Config!$G$5:$N$100, 6, FALSE), 15) + IF(N(N41)>1, (N(N41)-1)*10, 0)) * IFERROR(VLOOKUP(D41, Relic_Price_Config!$A$5:$E$9, 2, FALSE), 1), 0)))) -> 495 | U41: =IF(E41="OnGainRelic", "획득 시 즉발 (0원)", IFERROR(VLOOKUP(F41, Relic_Price_Config!$G$5:$N$100, 2, FALSE), "기타 효과")) -> 방어 관련 [회피율 증가]
A42: RLC_Mid_Q006 | B42: 수호병의 비늘 방패 | C42: 전투 시작 시 2사이클 동안 철벽(받는 피해 2 감소) 획득 | D42: Mid | E42: OnBattleStart | F42: IronWallSelf | G42: Self | H42: 0 | J42: 0 | K42: IronWall | M42: 2 | N42: 2 | O42: -1 | P42: Quest | Q42: =IF(E42="OnGainRelic", 0, IF(OR(P42="Quest", P42="Monster", P42="Event", D42="Basic", D42="Upgrade"), -1, MIN(IFERROR(VLOOKUP(D42, Relic_Price_Config!$A$5:$E$9, 4, FALSE), 350), MAX(IFERROR(VLOOKUP(D42, Relic_Price_Config!$A$5:$E$9, 3, FALSE), 210), ROUND((IFERROR(VLOOKUP(F42, Relic_Price_Config!$G$5:$N$100, 4, FALSE), 280) + N(H42) * IFERROR(VLOOKUP(F42, Relic_Price_Config!$G$5:$N$100, 5, FALSE), 10) + ABS(N(M42)) * IFERROR(VLOOKUP(F42, Relic_Price_Config!$G$5:$N$100, 6, FALSE), 15) + IF(N(N42)>1, (N(N42)-1)*10, 0)) * IFERROR(VLOOKUP(D42, Relic_Price_Config!$A$5:$E$9, 2, FALSE), 1), 0))))) -> -1 | R42: =IF(OR(E42="OnGainRelic", O42>0), 0, ROUND((IF(Q42>0, Q42, T42)*0.7)/5, 0)*5) -> 355 | S42: =IF(OR(E42="OnGainRelic", O42>0), 0, ROUND((IF(Q42>0, Q42, T42)*1.3)/5, 0)*5) -> 665 | T42: =IF(E42="OnGainRelic", 0, MIN(IFERROR(VLOOKUP(D42, Relic_Price_Config!$A$5:$E$9, 4, FALSE), 350), MAX(IFERROR(VLOOKUP(D42, Relic_Price_Config!$A$5:$E$9, 3, FALSE), 210), ROUND((IFERROR(VLOOKUP(F42, Relic_Price_Config!$G$5:$N$100, 4, FALSE), 280) + N(H42) * IFERROR(VLOOKUP(F42, Relic_Price_Config!$G$5:$N$100, 5, FALSE), 10) + ABS(N(M42)) * IFERROR(VLOOKUP(F42, Relic_Price_Config!$G$5:$N$100, 6, FALSE), 15) + IF(N(N42)>1, (N(N42)-1)*10, 0)) * IFERROR(VLOOKUP(D42, Relic_Price_Config!$A$5:$E$9, 2, FALSE), 1), 0)))) -> 510 | U42: =IF(E42="OnGainRelic", "획득 시 즉발 (0원)", IFERROR(VLOOKUP(F42, Relic_Price_Config!$G$5:$N$100, 2, FALSE), "기타 효과")) -> 방어 증가 [받는 피해 감소]
A43: RLC_Mid_Q007 | B43: 암살자의 단검 | C43: 적에게 피해를 입힌 경우, 2의 데미지를 추가로 입힌다. | D43: Mid | E43: OnHitEnemy | F43: HitEnemy | G43: SingleEnemy | H43: 2 | J43: 0 | M43: 0 | N43: 0 | O43: -1 | P43: Quest | Q43: =IF(E43="OnGainRelic", 0, IF(OR(P43="Quest", P43="Monster", P43="Event", D43="Basic", D43="Upgrade"), -1, MIN(IFERROR(VLOOKUP(D43, Relic_Price_Config!$A$5:$E$9, 4, FALSE), 350), MAX(IFERROR(VLOOKUP(D43, Relic_Price_Config!$A$5:$E$9, 3, FALSE), 210), ROUND((IFERROR(VLOOKUP(F43, Relic_Price_Config!$G$5:$N$100, 4, FALSE), 280) + N(H43) * IFERROR(VLOOKUP(F43, Relic_Price_Config!$G$5:$N$100, 5, FALSE), 10) + ABS(N(M43)) * IFERROR(VLOOKUP(F43, Relic_Price_Config!$G$5:$N$100, 6, FALSE), 15) + IF(N(N43)>1, (N(N43)-1)*10, 0)) * IFERROR(VLOOKUP(D43, Relic_Price_Config!$A$5:$E$9, 2, FALSE), 1), 0))))) -> -1 | R43: =IF(OR(E43="OnGainRelic", O43>0), 0, ROUND((IF(Q43>0, Q43, T43)*0.7)/5, 0)*5) -> 280 | S43: =IF(OR(E43="OnGainRelic", O43>0), 0, ROUND((IF(Q43>0, Q43, T43)*1.3)/5, 0)*5) -> 520 | T43: =IF(E43="OnGainRelic", 0, MIN(IFERROR(VLOOKUP(D43, Relic_Price_Config!$A$5:$E$9, 4, FALSE), 350), MAX(IFERROR(VLOOKUP(D43, Relic_Price_Config!$A$5:$E$9, 3, FALSE), 210), ROUND((IFERROR(VLOOKUP(F43, Relic_Price_Config!$G$5:$N$100, 4, FALSE), 280) + N(H43) * IFERROR(VLOOKUP(F43, Relic_Price_Config!$G$5:$N$100, 5, FALSE), 10) + ABS(N(M43)) * IFERROR(VLOOKUP(F43, Relic_Price_Config!$G$5:$N$100, 6, FALSE), 15) + IF(N(N43)>1, (N(N43)-1)*10, 0)) * IFERROR(VLOOKUP(D43, Relic_Price_Config!$A$5:$E$9, 2, FALSE), 1), 0)))) -> 399 | U43: =IF(E43="OnGainRelic", "획득 시 즉발 (0원)", IFERROR(VLOOKUP(F43, Relic_Price_Config!$G$5:$N$100, 2, FALSE), "기타 효과")) -> 단일 공격 [기본 피해]
A44: RLC_Mid_Q008 | B44: 정화된 주술 토템 | C44: 스킬 에너지를 소모할 때마다 체력 3 회복 | D44: Mid | E44: OnUseSkillEnergy | F44: HealSelf | G44: Self | H44: 3 | J44: 0 | M44: 0 | N44: 0 | O44: -1 | P44: Quest | Q44: =IF(E44="OnGainRelic", 0, IF(OR(P44="Quest", P44="Monster", P44="Event", D44="Basic", D44="Upgrade"), -1, MIN(IFERROR(VLOOKUP(D44, Relic_Price_Config!$A$5:$E$9, 4, FALSE), 350), MAX(IFERROR(VLOOKUP(D44, Relic_Price_Config!$A$5:$E$9, 3, FALSE), 210), ROUND((IFERROR(VLOOKUP(F44, Relic_Price_Config!$G$5:$N$100, 4, FALSE), 280) + N(H44) * IFERROR(VLOOKUP(F44, Relic_Price_Config!$G$5:$N$100, 5, FALSE), 10) + ABS(N(M44)) * IFERROR(VLOOKUP(F44, Relic_Price_Config!$G$5:$N$100, 6, FALSE), 15) + IF(N(N44)>1, (N(N44)-1)*10, 0)) * IFERROR(VLOOKUP(D44, Relic_Price_Config!$A$5:$E$9, 2, FALSE), 1), 0))))) -> -1 | R44: =IF(OR(E44="OnGainRelic", O44>0), 0, ROUND((IF(Q44>0, Q44, T44)*0.7)/5, 0)*5) -> 330 | S44: =IF(OR(E44="OnGainRelic", O44>0), 0, ROUND((IF(Q44>0, Q44, T44)*1.3)/5, 0)*5) -> 615 | T44: =IF(E44="OnGainRelic", 0, MIN(IFERROR(VLOOKUP(D44, Relic_Price_Config!$A$5:$E$9, 4, FALSE), 350), MAX(IFERROR(VLOOKUP(D44, Relic_Price_Config!$A$5:$E$9, 3, FALSE), 210), ROUND((IFERROR(VLOOKUP(F44, Relic_Price_Config!$G$5:$N$100, 4, FALSE), 280) + N(H44) * IFERROR(VLOOKUP(F44, Relic_Price_Config!$G$5:$N$100, 5, FALSE), 10) + ABS(N(M44)) * IFERROR(VLOOKUP(F44, Relic_Price_Config!$G$5:$N$100, 6, FALSE), 15) + IF(N(N44)>1, (N(N44)-1)*10, 0)) * IFERROR(VLOOKUP(D44, Relic_Price_Config!$A$5:$E$9, 2, FALSE), 1), 0)))) -> 473 | U44: =IF(E44="OnGainRelic", "획득 시 즉발 (0원)", IFERROR(VLOOKUP(F44, Relic_Price_Config!$G$5:$N$100, 2, FALSE), "기타 효과")) -> 방어 관련 [체력 회복]
A45: RLC_Mid_Q009 | B45: 베테랑의 전술 교본 | C45: 전투 시작 시 적 전체에게 1사이클 동안 급소 1 부여 | D45: Mid | E45: OnBattleStart | F45: StatusMarkAll | G45: AllEnemies | H45: 0 | J45: 0 | K45: Mark | M45: 1 | N45: 1 | O45: -1 | P45: Quest | Q45: =IF(E45="OnGainRelic", 0, IF(OR(P45="Quest", P45="Monster", P45="Event", D45="Basic", D45="Upgrade"), -1, MIN(IFERROR(VLOOKUP(D45, Relic_Price_Config!$A$5:$E$9, 4, FALSE), 350), MAX(IFERROR(VLOOKUP(D45, Relic_Price_Config!$A$5:$E$9, 3, FALSE), 210), ROUND((IFERROR(VLOOKUP(F45, Relic_Price_Config!$G$5:$N$100, 4, FALSE), 280) + N(H45) * IFERROR(VLOOKUP(F45, Relic_Price_Config!$G$5:$N$100, 5, FALSE), 10) + ABS(N(M45)) * IFERROR(VLOOKUP(F45, Relic_Price_Config!$G$5:$N$100, 6, FALSE), 15) + IF(N(N45)>1, (N(N45)-1)*10, 0)) * IFERROR(VLOOKUP(D45, Relic_Price_Config!$A$5:$E$9, 2, FALSE), 1), 0))))) -> -1 | R45: =IF(OR(E45="OnGainRelic", O45>0), 0, ROUND((IF(Q45>0, Q45, T45)*0.7)/5, 0)*5) -> 325 | S45: =IF(OR(E45="OnGainRelic", O45>0), 0, ROUND((IF(Q45>0, Q45, T45)*1.3)/5, 0)*5) -> 605 | T45: =IF(E45="OnGainRelic", 0, MIN(IFERROR(VLOOKUP(D45, Relic_Price_Config!$A$5:$E$9, 4, FALSE), 350), MAX(IFERROR(VLOOKUP(D45, Relic_Price_Config!$A$5:$E$9, 3, FALSE), 210), ROUND((IFERROR(VLOOKUP(F45, Relic_Price_Config!$G$5:$N$100, 4, FALSE), 280) + N(H45) * IFERROR(VLOOKUP(F45, Relic_Price_Config!$G$5:$N$100, 5, FALSE), 10) + ABS(N(M45)) * IFERROR(VLOOKUP(F45, Relic_Price_Config!$G$5:$N$100, 6, FALSE), 15) + IF(N(N45)>1, (N(N45)-1)*10, 0)) * IFERROR(VLOOKUP(D45, Relic_Price_Config!$A$5:$E$9, 2, FALSE), 1), 0)))) -> 465 | U45: =IF(E45="OnGainRelic", "획득 시 즉발 (0원)", IFERROR(VLOOKUP(F45, Relic_Price_Config!$G$5:$N$100, 2, FALSE), "기타 효과")) -> 공격 증가 [적 받는 피해 증가]
A46: RLC_Mid_Q010 | B46: 거물 사냥꾼의 전리품 | C46: 가디언 전투 시작 시 적 전체에게 2사이클 동안 공포 부여 | D46: Mid | E46: OnGuardianBattleStart | F46: StatusFearAll | G46: AllEnemies | H46: 0 | J46: 0 | K46: Fear | M46: 1 | N46: 2 | O46: -1 | P46: Quest | Q46: =IF(E46="OnGainRelic", 0, IF(OR(P46="Quest", P46="Monster", P46="Event", D46="Basic", D46="Upgrade"), -1, MIN(IFERROR(VLOOKUP(D46, Relic_Price_Config!$A$5:$E$9, 4, FALSE), 350), MAX(IFERROR(VLOOKUP(D46, Relic_Price_Config!$A$5:$E$9, 3, FALSE), 210), ROUND((IFERROR(VLOOKUP(F46, Relic_Price_Config!$G$5:$N$100, 4, FALSE), 280) + N(H46) * IFERROR(VLOOKUP(F46, Relic_Price_Config!$G$5:$N$100, 5, FALSE), 10) + ABS(N(M46)) * IFERROR(VLOOKUP(F46, Relic_Price_Config!$G$5:$N$100, 6, FALSE), 15) + IF(N(N46)>1, (N(N46)-1)*10, 0)) * IFERROR(VLOOKUP(D46, Relic_Price_Config!$A$5:$E$9, 2, FALSE), 1), 0))))) -> -1 | R46: =IF(OR(E46="OnGainRelic", O46>0), 0, ROUND((IF(Q46>0, Q46, T46)*0.7)/5, 0)*5) -> 335 | S46: =IF(OR(E46="OnGainRelic", O46>0), 0, ROUND((IF(Q46>0, Q46, T46)*1.3)/5, 0)*5) -> 625 | T46: =IF(E46="OnGainRelic", 0, MIN(IFERROR(VLOOKUP(D46, Relic_Price_Config!$A$5:$E$9, 4, FALSE), 350), MAX(IFERROR(VLOOKUP(D46, Relic_Price_Config!$A$5:$E$9, 3, FALSE), 210), ROUND((IFERROR(VLOOKUP(F46, Relic_Price_Config!$G$5:$N$100, 4, FALSE), 280) + N(H46) * IFERROR(VLOOKUP(F46, Relic_Price_Config!$G$5:$N$100, 5, FALSE), 10) + ABS(N(M46)) * IFERROR(VLOOKUP(F46, Relic_Price_Config!$G$5:$N$100, 6, FALSE), 15) + IF(N(N46)>1, (N(N46)-1)*10, 0)) * IFERROR(VLOOKUP(D46, Relic_Price_Config!$A$5:$E$9, 2, FALSE), 1), 0)))) -> 480 | U46: =IF(E46="OnGainRelic", "획득 시 즉발 (0원)", IFERROR(VLOOKUP(F46, Relic_Price_Config!$G$5:$N$100, 2, FALSE), "기타 효과")) -> 방어 증가 [적 공격/화력 감소]
A47: RLC_Mid_Q011 | B47: 증폭된 마력 코어 | C47: 전투 시작 시 에너지 2 추가 획득 | D47: Mid | E47: OnBattleStart | F47: GainEnergy | G47: Self | H47: 2 | J47: 0 | M47: 0 | N47: 0 | O47: -1 | P47: Quest | Q47: =IF(E47="OnGainRelic", 0, IF(OR(P47="Quest", P47="Monster", P47="Event", D47="Basic", D47="Upgrade"), -1, MIN(IFERROR(VLOOKUP(D47, Relic_Price_Config!$A$5:$E$9, 4, FALSE), 350), MAX(IFERROR(VLOOKUP(D47, Relic_Price_Config!$A$5:$E$9, 3, FALSE), 210), ROUND((IFERROR(VLOOKUP(F47, Relic_Price_Config!$G$5:$N$100, 4, FALSE), 280) + N(H47) * IFERROR(VLOOKUP(F47, Relic_Price_Config!$G$5:$N$100, 5, FALSE), 10) + ABS(N(M47)) * IFERROR(VLOOKUP(F47, Relic_Price_Config!$G$5:$N$100, 6, FALSE), 15) + IF(N(N47)>1, (N(N47)-1)*10, 0)) * IFERROR(VLOOKUP(D47, Relic_Price_Config!$A$5:$E$9, 2, FALSE), 1), 0))))) -> -1 | R47: =IF(OR(E47="OnGainRelic", O47>0), 0, ROUND((IF(Q47>0, Q47, T47)*0.7)/5, 0)*5) -> 370 | S47: =IF(OR(E47="OnGainRelic", O47>0), 0, ROUND((IF(Q47>0, Q47, T47)*1.3)/5, 0)*5) -> 685 | T47: =IF(E47="OnGainRelic", 0, MIN(IFERROR(VLOOKUP(D47, Relic_Price_Config!$A$5:$E$9, 4, FALSE), 350), MAX(IFERROR(VLOOKUP(D47, Relic_Price_Config!$A$5:$E$9, 3, FALSE), 210), ROUND((IFERROR(VLOOKUP(F47, Relic_Price_Config!$G$5:$N$100, 4, FALSE), 280) + N(H47) * IFERROR(VLOOKUP(F47, Relic_Price_Config!$G$5:$N$100, 5, FALSE), 10) + ABS(N(M47)) * IFERROR(VLOOKUP(F47, Relic_Price_Config!$G$5:$N$100, 6, FALSE), 15) + IF(N(N47)>1, (N(N47)-1)*10, 0)) * IFERROR(VLOOKUP(D47, Relic_Price_Config!$A$5:$E$9, 2, FALSE), 1), 0)))) -> 525 | U47: =IF(E47="OnGainRelic", "획득 시 즉발 (0원)", IFERROR(VLOOKUP(F47, Relic_Price_Config!$G$5:$N$100, 2, FALSE), "기타 효과")) -> 에너지 관련 (행동력 추가)
